Symbol,Pt1,Pt2,Pt4,Pt5,Pt6,Pt7,Pt8,Pt9,Pt10,Pt12,Pt13,Pt14,Pt15,Pt19,Pt20,Pt22,Pt23,Pt25,Pt27A,Pt27B,Pt28,Pt29
A1BG,733.93,18407.35,480.48,646.2,169,783.8,209.65,512.62,403.28,354.06,583.78,440.67,937.8,484.13,427.48,316.99,397,925,285.74,325.53,303.53,322.41
A1BG-AS1,486.42,186.29,156.14,271.48,85.94,581.98,140.41,267.9,274.07,398.72,200.1,265.98,287.25,218.29,187.8,154.37,270.3,175.46,114.16,115.69,40,291.8
A1CF,0,3939,0,0,2,0,1,1,0,0,0,3,1,0,1,0,0,0,0,1,53,3
A2M,61435.94,67338.28,18311.91,12220.98,37118.95,8264.26,12204.32,65578.76,170249.6,110686.51,163243.27,17509.74,32967.09,7292.53,15659.03,46732.5,50496.22,41134.57,110624.58,92252.78,7840.53,121571.67
A2M-AS1,40.06,131.72,15.09,4.02,36.05,74.74,130.68,275.24,137.4,113.49,100.73,17.26,181.91,29.47,75.97,58.5,139.78,180.43,43.42,32.22,24.47,40.33
A2ML1,4,1,2,0,0,1,3,101,6,0,0,0,0,0,11,9,1,2,15,3,18615,0
A2MP1,5,1,2,0,0,1,2,15,4,0,2,6,1,0,0,7,5,0,1,2,7,3
A4GALT,878,28,60,81,140,78,176,376,3445,138,892,502,74,331,108,765,271,134,138,73,240,140
A4GNT,3,5,1,0,0,1,0,6,3,18,24,13,6,0,1,3,3,0,0,2,0,1
AA06,0,0,0,0,0,0,0,0,0,0,0,0,0,0,0,0,0,0,0,0,0,0
AAAS,2150,911,1664,2427,1535,928,725,1673,2106,1023,1186,3562,1097,1865,727,1526,1068,2049,1988,1287,711,1090
AACS,669,274,359,1776,1407,793,441,931,1868,2777,578,1328,409,854,290,1019,925,229,1231,886,1451,729
AACSP1,0,0,0,31,0,0,0,702,0,1,0,53,298,0,0,0,0,0,144,179,4,0
AADAC,3,2331,8,0,0,0,0,46,1,2,2,476,1,0,0,13,0,1,0,0,306,70
AADACL2,4,0,0,0,0,0,0,0,0,0,1,0,0,0,0,0,0,0,1,0,1320,0
AADACL3,0,0,0,0,0,0,0,0,0,0,0,0,0,0,0,0,0,0,0,0,1,0
AADACL4,2,0,0,0,0,0,0,0,0,1,0,0,0,0,0,0,0,0,0,0,0,0
AADAT,391,523,227,437,235,111,70,277,1173,644,740,33,91,45,33,208,478,89,23,17,28,191
AAED1,419,252,211,498,295,783,169,555,657,406,630,836,600,72,309,441,655,177,716,787,175,714
AAGAB,2979,1052,2905,4450,5430,1587,985,4058,2106,2227,2300,3050,1778,669,1229,2343,1200,1112,2762,1991,1687,2832
AAK1,2256,597,1203,1430,2132,1790,1144,1780,2417,2652,2333,3630,753,525,1132,2463,2636,654,2357,1697,1068,1300
AAMDC,348,285,483,654,326,471,118,601,225,177,401,746,388,254,296,416,598,709,278,241,155,294
AAMP,9433,2233,5960,6222,6460,3901,2436,6487,8999,3840,4856,6866,3358,5684,3102,5321,3289,3591,4452,3558,3356,2831
AANAT,6,1,0,0,3,3,0,1,4,3,0,7,2,0,4,2,2,0,4,2,2,1
AAR2,3112,1035,3730,4443,1922,2570,1083,2507,2932,1778,1663,3878,2120,2087,1773,2526,1250,2602,2282,2322,1077,2187
AARD,43,0,5,0,2,1,27,205,596,93,760,2,108,1,5,32,73,2,0,1,4,36
AARS,15641,3989,9451,27959,8556,7663,4037,12446,12897,10220,12325,16066,3307,5325,2789,11032,3780,5238,8388,4949,2210,5293
AARS2,1314,1017,4919,6972,3759,775,468,1554,1389,932,1983,1788,1769,1484,851,2234,1162,1160,1718,2054,569,1436
AARSD1,1540.41,1126.38,2021.91,1247.8,3096.16,795.51,538.04,1384.28,1688.14,948.71,1357.2,1650.64,979.5,857.94,581,1451.75,781.96,1184,936.95,752.1,833.9,713.36
AASDH,745,375,376,809,666,394,227,761,472,464,587,618,396,80,369,546,296,267,937,1060,350,605
AASDHPPT,2878.92,950,1010.96,1752,2942.93,1234,545,6171,4642.9,2864,2946.89,8745.97,2606,492,1053,2556.94,2585,1028,2894,2922,1036,1931
AASS,1472,976,345,989,4436,1083,1467,2748,1215,2890,2254,2632,1846,453,931,1795,1950,359,2294,3221,1373,2591
AATF,4855,2004,6129,2045,4433,1995,1247,3416,4716,1910,3815,7272,1921,3083,1005,3505,2804,3455,4146,3225,1634,1805
AATK,109,406.19,553.2,36,1616,218.41,205.23,464,1930,5873.88,465,46,246,745,294,391,298.56,467,102,97,56,359
AATK-AS1,0,0,3,0,1,0,0,0,0,2,0,0,0,0,1,0,0,0,0,0,0,0
ABAT,476,9719,164,712,468,178,219,207,517,33,575,128,46,40,130,325,193,45,585,751,176,244
ABCA1,1431,1734,2275,163,5266,1898,765,1707,6109,1889,7219,8859,1430,108,1741,8100,2515,845,4212,4266,1826,2873
ABCA10,88,43,11,10,14,62.14,104,208,70,60,69,58,45,7,123.71,183,114.69,15.12,187,322,65,108
ABCA11P,94,115,270,248.57,268,125,120,229.39,192,63,222,584.1,203,75,145.41,304,132,141,227.81,262.39,95.42,178
ABCA12,0,1,21,6,67,3,4,2,1,1,16,0,5,0,2,15,15,3,8,11,8285,2
ABCA13,23,12,26,147,116,23,6,418,2871,367,465,9,84,0,0,85,323,3,17,28,13,15
ABCA17P,54,5,23,19,28,11,36,21,38,1,15,7,92,4,18,4,20,50,6,5,1,109
ABCA2,4479,3378,2018,2045,1899,2478,1426,1675,13706,2245,4039,2309,806,1511,1456,1344,2140,1085,3808,4678,416,2507
ABCA3,5248,1158,4862,2845,2529,2626,651,1361,3164,141,1059,2349,1669,1854,247,369,298,388,3589,2921,89,6885
ABCA4,8,8,4,8,7,11,0,1,17,3,19,48,115,3,2,20,9,0,2,4,31,6
ABCA5,403,908,405,486,347,1484.86,1161,2089,1339,399,1006,147,814,247,2044.29,482,801.31,234.88,5485,8396,689,1978
ABCA6,893,1361,32,9,15,24,63,911,5640,445,2335,300,39,30,56,695,37,36,176,62,58,243
ABCA7,1210,238,232,1119,522,1180,173,388,603,655,1149,395,496,559,558,730,618,376,701,616,792,1298
ABCA8,776,834,390,32,20,32,818,1351,96,366,4099,435,48,52,27,843,11,43,1543,9319,60,405
ABCA9,445,461,78,28,17,8,143,366,450,163,521,216,56,21,90,681,87,49,3435,4146,23,209
ABCB1,471,613,60,93,1191,11448.45,210,114,69,182,209,90,107,20,293,251,149,47,156.66,81,94,287
ABCB10,1763,1064,712,2568,784,1069,717,1547,1962,1302,918,2319,1963,318,1082,1294,890,409,2321,2413,683,1227
ABCB11,2,745,1,0,1,0,3,12,1,0,3,3,0,0,4,1,0,0,35,17,16,1
ABCB4,56,1969,91,13,2013,1140.55,179,102,678,1484,1529,40,540,101,28,141,243,21,99.34,80,45,149
ABCB5,10885,16976,16535,10831,5172,15,2982,116,28,2,33,18,6010,540,1644,1127,3108,181,7775,8567,231,10973
ABCB6,961,761,1540,975,1026,1349,759,834,3251,578,670,980,2412,3732,610,1371,2144,2080,741,665,967,1134
ABCB7,1125,895,875,1545,2243,629,529,1975,1040,365,863,2096,686,102,637,961,687,319,1555,1897,557,841
ABCB8,1445,878,1665,879,2575,848,834,2261,1830,2568,1292,1303,3149,3381,957,2068,2907,1405,915,593,725,1547
ABCB9,886,109,270,762,383,98,233,216,724,1104,340,212,108,763,55,183,326,215,148,127,86,139
ABCC1,2581,984,4865,3484,4248,1348,965,1025,3955,271,1926,6420,847,1081,1038,2542,1898,1349,2614,2212,2686,1061
ABCC10,1051,542,2293,3687,976,1057,324,800,825,784,1382,1710,781,1078,688,1543,881,1470,808,765,493,1436
ABCC11,14,2143,2733,49,9,38,88,59,62,3,24,11,42,4,870,102,6,12,1530,2159,51,296
ABCC12,0,113,37,0,0,1,1,0,5,0,0,258,1,0,9,0,1,0,1,0,1,2
ABCC13,0,0,0,0,1,0,0,0,0,0,0,0,0,0,0,0,1,0,0,0,0,0
ABCC2,813,2882,44,3481,5141,1087,6,38,17,262,33,44,1143,87,50,81,187,121,1284,1379,91,89
ABCC3,287,1465,88,41,447,79,54,233,572,288,607,122,109,105,225,950,443,37,132,124,530,471
ABCC4,1469,426,217,1533,3266,719,703,2712,2604,1017,557,2534,480,135,729,736,724,344,276,187,219,1412
ABCC5,2651,753,3528,3302,2483,3532,1533,1435,3150,1810,1472,3735,3327,1016,1225,2193,2436,1065,1848,2541,1102,3772
ABCC5-AS1,0,0,0,0,0,0,0,0,0,0,0,0,0,0,0,0,0,0,0,0,0,0
ABCC6,8,1930.14,12.32,1,2,10.14,3,396.59,7.13,0,5,26.53,4,5,7,19.61,19.57,1,19,15,25.78,160.48
ABCC6P1,1,412.29,0,0,0,9.73,1,8.06,2.87,0,0,0,0,0,1,0,5,0,2,0,4.22,30.62
ABCC6P2,1,20.57,1.68,0,0,10.13,0,4.35,7,7,0,35.47,2,0,0,2.39,18.43,0,0,0,1,8.91
ABCC8,0,0,2,238,0,2,0,29,891,0,0,0,0,2,0,10,0,0,0,0,0,5
ABCC9,1217,883,139,30,304,342,345,420,360,292,897,934,394,24,157,1604,867,77,414,244,243,1990
ABCD1,2654,1797,993,3759,16589,2238,387,2197,400,1429,1609,2933,623,7107,1240,1664,2275,4010,1922,1469,320,1439
ABCD2,51,20,14,4,7,25,10,77,3,1,102,89,20,7,201,221,36,5,93,19,16,92
ABCD3,3548,2355,1774,4390,4192,2471,1062,3726,1952,2643,4064,6085,3287,646,1534,2612,2276,1307,4155,4671,2056,1625
ABCD4,1533,1228,1226,2105,2840,728,263,1355,1208,1006,1448,956,825,491,580,1423,828,566,1043,1026,519,997
ABCE1,6921,2501,3104,5907,5307,1875,2974,7053,6290,5577,4994,13299,4761,998,2432,4335,5442,1684,6736,6873,3065,4364
ABCF1,6745,2030,7170,15102,8961,2352,1699,3774,3637,2615,6227,7067,2411,2240,2356,5986,4393,3723,4134,3568,2623,4303
ABCF2,4647,1440,5205,3031,6868,1788,3173,7499,3750,6618,4390,7322,4707,1703,1541,4251,4204,1947,3321,2728,2438,4013
ABCF3,3244,1297,3484,2730,3034,1939,1269,3094,3220,2156,3155,7032,2562,2730,2032,2648,2005,1438,2106,1995,1615,2398
ABCG1,488,2137,718,107,797,323,421,827,548,115,906,3174,462,86,494,2391,628,219,691,486,1096,457
ABCG2,74,292,84,69,189,35,12,71,83,34,110,409,607,41,75,187,186,36,10,6,23,271
ABCG4,6,6,4,12,1,11,2,1,28,4,11,6,3,14,2,19,28,0,4,0,287,10
ABCG5,3,911,4,11,25,14,0,27,26,7,7,0,15,3,0,5,29,0,0,0,9,0
ABCG8,1,1484,0,0,0,0,0,1,4,0,0,0,0,0,1,0,1,0,0,1,15,0
ABHD1,47,28,6,2,3,4,2,11,10,2,9,5,1,28,5,5,7,2,1,1,1,1
ABHD10,1569,821,1490,1557,2565,1577,556,3006,2076,596,1765,3239,2156,743,1545.47,1591,1504,1074,1466,1645,446,2280
ABHD11,460,439,594,350,1254,474,568,1107,1269,794,603,1145,622,466,396,651,1163,636,373,284,214,1082
ABHD12,5342,2202,4128,8207,3042,2673,2330,3300,5564,6202,2444,5290,5138,5492,2197,3386,2700,3913,3904,3147,1271,2647
ABHD12B,0,5,0,0,23,3,3,686,41,10,24,30,1,2,91,88,0,1,131,152,384,1
ABHD13,1681,1300,1414,2046,2604,1115,837,1788,1088,1213,1579,1834,991,222,1296,1219,876,564,4390,4630,751,1788
ABHD14A,724,339,437,564.19,543,284.11,342,597,837,399.29,407,318,369,927,524.98,302.4,280,1406.25,271.48,203,99,266
ABHD14A-ACY1,0,0,0,14.56,0,12.67,0,0,0,9.96,0,0,0,0,24.34,46.67,0,124.29,33.08,0,0,0
ABHD14B,5149,3713,4610,3866,2945,1573,1433,1886,2408,1172,1851,2735,1127,6967,1523,2025,1108,3669,2023,1737,1280,1496
ABHD15,1240,1087,480,1037,1484,407,371,713,834,955,1106,988,565,616,360,819,699,443,820,554,320,583
ABHD16A,3031,2228,3125,3820,3592,1009,920,3040,1955,4449,3827,1828,2682,1200,1761,2980,2503,1881,1303,976,1030,3024
ABHD16B,154,46,136,114,139,123,97,262,278,223,133,470,125,389,139,126,214,120,152,131,201,146
ABHD2,24358,9107,8368,7121,22205,45854,2736,24378,5331,16539,38268,16798,3272,4696,2394,8988,2968,996,12491,11112,2016,5338
ABHD3,914,1086,315,554,1148,941,368,1221,976,1435,680,782,707,164,594,933,1201,536,685,502,268,2246
ABHD4,1708,1214,1404,2089,1960,953,456,1173,1661,1295,1877,1939,871,1168,674,1648,667,752,1484,1365,816,613
ABHD5,1295,490,1168,966,1132,1008,466,1751,1037,690,1198,2393,682,376,766,937,1094,457,1009,995,1826,1105
ABHD6,2279,1641,592,3646,3140,1650,314,654,825,1283,765,1050,866,573,640,403,612,334,1148,1103,324,748
ABHD8,599,304,408,976,455,400,135,618,492,408,532,1010,298,788,186,440,361,111,591,419,269,376
ABI1,5124.85,3115.81,3369,3785,4244.28,2957.43,1240.84,3206.68,2684.74,3085.42,3064.21,6587.1,2754.79,753,4367.18,4004.91,2847.88,2031.33,5184.73,5921.22,3839.99,3455.46
ABI2,6701,2082,4417,2931,1996,1830,1305,3414,10638,5811,3515,4179,1547,895,894,2954,1619,1089,4632,4342,433,1294
ABI3,537,281.77,392,150,559,94,124,400,191,122,1802,1469.77,353.74,570,625,1473.81,831.78,541,786,425,216,635
ABI3BP,4641,60,40,17,156,176,454,3479,249,381,375,1278,334,169,400,3056,528,228,1477,559,140,142
ABL1,4965,2525,12826,5822,6138,2592,1637,2360,6306,2232,6524,8086,1762,2749,3314,5517,2226,3013,5582,5558,1570,4854
ABL2,16128,3108,9217,11857,10443,4129,2250,3455,4666,6976,4476,6761,5834,1488,1941,6767,5107,2620,7986,7539,646,4940
ABLIM1,4252,2608,2366,175,3026,561,1108,1008,648,203,438,754,407,442,836,2296,584,314,5683,4814,8176,1020
ABLIM2,315,39,56,20,374,1315,28,103,152,613,53,45,23,193,17,80,47,65,98,43,360,38
ABLIM3,7747,1453,226,2363,2036,210,633,4107,1168,2488,3942,6063,677,547,380,1834,1083,215,1001,982,169,341
ABO,2,0,2,3,15,0,0,6,5,1,11,11,1,1,1,33,13,4,0,2,25,18
ABP1,18,101,1,1,11,0,0,90,22,0,12,10,8,4,5,28,12,4,2,1,158,13
ABR,7760,2910,6289,19168,10840,9514,4840,7748,9039,6832,11602,11716,2462,6275,4605,7069,5114,8963,5986,5802,2919,5133
ABRA,0,0,0,0,0,1,4,3,1,0,4,1,4,4,1,3,0,0,2,1,2,0
ABRACL,1339,541,1181,2408,3062,1784,731,1926,1049,984,1243,4190,1399,507,1004,1403,1924,682,1218,853,1071,1384
ABT1,2078,1085,4046,4713,2731,982,723,1626,1063,898,1984,2678,1689,1031,1302,2149,1221,1988,1575,1364,1118,1819
ABTB1,816,459,889,647,1038,2207,321,1293,1645,337,913,1471,559,2816,929,1266,953,499,915,823,484,778
ABTB2,1399,667,1369,2033,7274,500,630,1254,4247,713,1242,1346,150,411,885,1399,338,610,2347,2758,211,617
ACAA1,2740,4886,3530,1418,3795,2796,1211,4074,3300,912,2552,2389,3009,1479,1803,1720,2341,1543,1660,1357,2388,2739
ACAA2,4179,9068,2189,1590,3036,268,935,5532,3413,537,2264,3912,1930,360,1228,3273,2488,2736,2104,1681,445,4064
ACACA,3534,2488,5649,911,4770,2393,901,1904,10439,2261,3182,8283,1801,1014,643,2620,1471,1180,2980,1977,2397,3045
ACACB,948,2413,463,136,1394,375,443,1165,1017,643,652,759,225,449,462,2127,706,384,1150,676,169,862
ACAD10,798,1249,849,1619,3009,339,421,1116,1413,974,683,1243,1152,416,474,1159,586,675,1432,1338,397,766
ACAD11,949.93,1628.3,672.54,423.79,552.68,892.15,436.54,1437.45,1388.08,580.17,906.62,1511.65,774.18,186.74,565.51,804.22,639.11,127.72,971.11,1452.29,392.91,1776.94
ACAD8,701,831,391,701,1911,986,220,2079,992,837,1303,1629,1433,274,498,1071,529,396,975,981,1388,737
ACAD9,2411,1136,2593,1960,1849,1809,757,2120,2190,1512,1792,3260,1637,862,926,1737,1223,957,2071,1739,2553,1844
ACADL,6,281,0,0,19,1,0,15,10,9,2,26,0,5,2,22,2,2,16,1,4,113
ACADM,3797,6008,1703,3075,5187,1738,1421,4720,2903,4312,3273,2845,4743,758,2034,3631,4022,839,2310,2405,1376,3040
ACADS,686,2595,503,459,1074,489,750,1302,762,497,1001,542,674,2125,566,1070,570,627,408,244,456,956
ACADSB,1632,9733,836,3084,3884,1118,370,1901,829,126,748,3259,2154,235,612,1036,724,147,1651,1953,451,1379
ACADVL,9114.55,7796.97,2328.66,10767.91,20971.97,6086,4618,18226.94,14439.15,12683.98,10549.52,8960.89,7052.99,3639.3,3229.98,10458.47,6719.95,2544,4454,3332.99,9790,5857.96
ACAN,208,6,113,115,17,15,46,24,6183,9,195,131,48,32,10,759,791,88,59,9,11,34
ACAP1,556,133,139,6,87,58,52,560,95,37,492,194,250,220,1554,624,278,386,330,99,266,456
ACAP2,3577,1903,2698,2938,3800,3876,1482,3331,4616,3155,3240,7826,2576,689,2877,3692,3211,758,4325,4970,1878,4153
ACAP3,2702,602,927,1664,961,1989,915,2003,2268,5497,2520,1082,503,1046,796,1523,2982,1007,839,837,1997,856
ACAT1,3019,12992,1174,2870,3104,2432,1104,5970,5099,885,2105,6957,4030,669,1487,3486,3598,1663,3183,2775,1092,3256
ACAT2,641.27,886.19,1082.24,522.21,1483.71,4178.93,422.78,3002.86,3284.82,936.83,1184.44,2947.66,1838.26,393.29,486.76,888.57,824.45,258.42,1147,870,1272.01,981.79
ACBD3,5452,3039,5286,7846,6968,2768,2009,3107,5915,3821,4832,3867,3256,1420,3761,5629,2128,1538,4958,5240,2537,3265
ACBD4,613,979,446,719,300,277,134,356,252,114,317,346,178,301,189,367,140,114,253,261,105,237
ACBD5,2067,2477,1067,1454,2422,1249,568,2140,1403,2547,1621,3695,1371,471,1360,1860,1519,457,2011,1938,969,1762
ACBD6,2092,1049,3449,3100,1077,1843,493,1752,1998,907,1418,1877,1340,1111,1046,1913,1634,3457,1708,1440,795,914
ACBD7,48,22,32,270,32,70,13,11,32,120,24,31,41,11,16,28,32,25,254,95,9,72
ACCS,523,186,141,519,148,394,133,469,201,61,329,273,273,228,416,304,279,56,562,849,180,164
ACCSL,10,0,64,443,70,2,41,22,0,1,0,0,67,1,51,7,3,41,36,54,0,1
ACD,860,382,662,1567,607,676,297,1025,840,424,605,2391,497,407,280,610,576,653,897,754,278,379
ACE,1625,104,510,363,309,125,225,660,6357,258,1337,1429,230,670,320,1564,840,327,519,196,292,486
ACE2,2,20,8,25,25,0,4,3,5,4,4,2,2,5,6,8,2,17,8,2,101,54
ACER1,1,1,1,0,0,0,0,0,0,0,0,0,0,0,0,2,0,0,0,0,479,0
ACER2,70,66,79,77,310,82,15,72,104,99,58,83,50,14,26,88,65,12,94,83,49,188
ACER3,1051,325,741,1403,1866,595,540,1829,1458,422,1158,4051,697,125,395,1334,1280,1878,1105,931,620,902
ACHE,84,42,149,8,7,18,182,42,212,29,26,26,44,228,76,56,75,18,18,8,38,294
ACIN1,9027.46,2871.4,7196.99,8724.05,14801.83,3591,1708.4,4841,8767.03,8315.49,8167.5,8880.77,2925,2771.43,3131,7394.97,3565,3107,7022,7004,3479.29,4725.37
ACLY,14627,2972,19173,12965,20369,6454,2838,12268,24990,10257,12615,26999,3887,3463,2855,9976,6604,3810,9468,7309,3327,5986
ACMSD,1,804,0,0,0,0,1,0,0,0,0,0,0,1,0,0,0,0,0,0,10,1
ACN9,849,593,1689,477,1131,634,864,2391,2328,1063,1596,1216,3083,417,599,1196,1601,616,394,341,394,2195
ACO1,1940,1831,791,2154,3560,1181,505,3172,2437,1831,1622,5161,1199,226,568,1956,1689,742,1731,1184,834,825
ACO2,8599.39,4278.61,10146.91,12755.27,12660.69,4553.07,1804.61,7474.35,19813.1,5671.05,4126.96,6492.83,5290.07,7852.1,2487.84,6149.14,3811.01,2969.47,5072.34,4567.17,2624.94,6590.53
ACOT1,222.83,562.81,290.64,372.34,988.02,43.44,25.84,792.44,265.7,329.48,264.33,286.68,111.34,37.3,97.64,374.72,251.71,292.58,146.86,105.18,82.48,297.71
ACOT11,120.07,8.71,65,6,73,145.38,232.51,136,471.5,426.32,338.13,87.53,38,183,15,86.57,160.26,14,37,38,421.95,25
ACOT12,1,470,1,0,0,0,0,1,3,1,0,0,0,4,0,1,0,1,1,1,8,0
ACOT13,1843.46,1739.99,2065.38,3392.91,2763.07,828.25,392.58,1459.47,1305.58,929.87,2133.31,1396.97,1544.25,352.62,734.32,1357.74,1803.34,488.79,927.17,973.06,728.05,1566.51
ACOT2,1144.17,1648.19,1073.36,2092.66,3921.98,946.56,41.16,1836.56,1389.3,929.52,981.67,928.32,794.66,1276.7,743.36,1461.28,697.29,431.42,580.14,458.82,265.52,789.29
ACOT4,55,139,31,17,37,58,62,108,143,10,71,44,93,24,78,79,89,41,44,20,49,138
ACOT6,1,8,0,1,2,1,0,7,9,0,0,2,7,0,2,2,2,4,1,0,0,3
ACOT7,17278,2213,4122,11928,18736,6522,1597,6473,5268,11104.98,4514,10680,1645,4784,1520,2534,3830,3438,6468,4333,1786,3483
ACOT8,674.72,378.64,916.23,801.84,515.49,985.23,200.5,1249.46,1079.99,933.06,603.53,1432.3,1434.91,621.07,396.24,700.92,520.39,1239.24,276.94,251.8,395.29,774.26
ACOT9,2124,857,1434,2861,3923,3727,597,2618,1425,1494,1686,6272,1431,437,1011,1999,2830,882,1629,1225,587,1568
ACOX1,2683.36,4517.96,1626.16,2216.49,2452.91,1879.64,1773.63,2741.33,2259.24,1323.57,2741.25,2781.67,1132.99,494.1,1484.73,2292.92,1709.41,780.82,2112.25,2111.67,2568.07,1003.65
ACOX2,262,1298,33,15,50,271,17,67,564,27,207,295,15,15,34,207,40,28,32,12,38,100
ACOX3,787,396,427,984,707,344,254,574,624,272,631,1198,335,203,413,531,603,650,737,589,982,481
ACOXL,6,0,8,2,4,3,2,25,4,0,5,1,3,0,35,142,4,0,5,6,5,84
ACP1,4438,3013,4064,3057,4642,2356,1961,3774,3346,2572,2653,6263,3029,2367,2424,3512,4965,2556,3651,3529,2036,2494
ACP2,3000,1142,1876,3230,3328,2443,1038,5144,2320,1884,4350.98,3799,2097.95,1706,1551,3850,1748.94,1564,2496,1801.98,668,1271
ACP5,8837,5374,8922,25586,26337,3838,4364,8665,2490,5138,2338,1274,1925,10077,15428,9807,12179,18161,5499,5120,2512,3408
ACP6,550,891,541,1121,440,427,211,1422,10434,862,1102,986,332,414,208,437,311,208,624,547,232,217
ACPL2,655,174,819,958,702,736,174,895,9914,5117,540,833,605,276,368,558,408,310,536,514,148,598
ACPP,21,14,25,5,47,22,91,197,8097,1640,975,11,7,1,15,86,30,18,48,37,2452,47
ACPT,0,0,0,0,1,0,0,0,0,0,0,0,0,0,1,0,0,0,0,0,0,0
ACR,11,4,0,6,2,3,7,11,7,2,2,3,1,1,7,14,2,24,1,0,3,12
ACRBP,87,58,86,14,94,8,26,51,48,34,143,76,69,32,65,316,66,54,87,58,8,81
ACRC,127,24,24,19,61,122,34,140,151,52,106,258,178,19,62,52,150,39,64,88,52,88
ACRV1,1,0,1,3,7,5,3,18,12,3,2,5,1,0,0,0,3,1,0,1,21,25
ACSBG1,276,31,16,1959,48,7,8,12,29,965,670,10,9,12,9,239,57,8,5,11,91,12
ACSBG2,6,0,0,13,3,2,1,3,0,3,0,1,12,0,1,3,6,0,4,2,1,7
ACSF2,285,833,929,25,545,1891,120,968,503,211,602,392,2908,770,385,628,552,824,211,124,236,845
ACSF3,1121,671,918,2002,737,561,380,1018,1099,414,534,1030,690,953,334,762,480,526,923,704,370,427
ACSL1,6170,17910,2388,6651,6477,8030,1541,3485,4281,1629,3515,7296,3295,1914,1604,5243,6062,888,5290,4048,4818,3078
ACSL3,12938,7380,8511,14660,31409,8746,4103,17390,37380,13839,6798,9315,12313,4146,5838,9868,6379,1126,11751,12134,1759,6641
ACSL4,6246,2606,1922,6727,14709,4379,1639,6595,3721,2769,4767,15770,4029,857,3178,4498,4476,1210,4856,4035,1935,3639
ACSL5,832,2498,273,336,569,91,1077,648,222,182,1543,6930,288,104,1697,1525,776,377,3859,4194,277,1017
ACSL6,47,44,5,2,14,47,46,114,74,47,79,5,81,9,115,58,83,10,16,6,9,33
ACSM1,4,32,1,0,0,0,8,11,1,0,2,0,6,0,2,2,1,1,0,3,5,2
ACSM2A,1,3614.02,0,0,0,1,0,5,0,0,0,1,0,0,0,2,0,0,0,0,35.94,0
ACSM2B,4,4946.98,0,0,0,0,0,7,0,0,1,0,1,0,1,2,0,0,0,0,65.06,0
ACSM3,196.32,1047.91,6,183.56,49.42,4,29.24,309.38,9.33,12.21,26.66,15.89,41.11,4,32.58,80.49,47.62,13.89,21.08,22.18,46.4,167.49
ACSM4,0,0,0,0,0,0,0,0,0,0,0,0,0,0,0,0,0,0,0,0,0,0
ACSM5,84,1844,35,17,100,4,2,252,6,10,19,84,40,28,48,151,109,13,63,38,25,35
ACSS1,3880,1335,2788,5569,1277,1339,1935,3131,4238,1660,1216,513,2465,1410,2057,3404,1050,506,2827,3118,368,708
ACSS2,2097,992,1815,2491,1427,3286,946,13780,16482,9743,2949,2794,1072,1877,1097,2176,1097,1351,1730,1513,1416,1310
ACSS3,158,538,29,4,2202,12,607,91,3589,688,3132,142,17,25,10,698,38,13,98,32,18,143
ACTA1,3,3,0,1,2,3,0,16,8,2,2,1,367,10521,7,102,3,7,4,1,16,3
ACTA2,24396,1092,5547,4207,3372,711,1647,4976,13709,4252,10254,5811,1460,2558,771,42646,11804,2894,2110,736,1462,3084
ACTB,191338,43249,208410,119840,110872,135883,86802,140593,167931,80674,209650,231019,75697,165181,80940.25,220864,148990,149885,189099,107309,90985,132904
ACTBL2,0,0,0,4,18,0,1,2,10,4,29,69,59,0,0,4,3,0,10,7,2,0
ACTC1,43,2,3,9,28,0,1,29,20,19,1,32,672,4735,0,2044,8,2,3,0,20,2
ACTG1,149334,82175,138220,201045,124771,61198,69142,81565,98924,54847,93747,242121,38528,162623,94059,132604,83373,154015,189325,159000,89395,57565
ACTG1P4,11,1,6,0,7,2,11,7,0,1,6,5,7,0,7,3,2,1,20,53,2,6
ACTG2,3102,10,889,8968,372,23,97,438,1242,185,220,787,61,61,15,4599,256,135,153,20,174,123
ACTL10,41,19,69,3,33,135,40,78,281,48,49,147,116,82,91,86,53,184,33,19,92,10
ACTL6A,2769,1222,5685,4282,3540,3274,1071,4336,5887,3176,2854,10812,3479,1243,1612,3192,2749,1447,3715,3457,1521,3594
ACTL6B,0,0,2,0,0,0,0,0,2,0,1,0,0,0,0,0,3,0,0,0,0,0
ACTL7A,0,0,0,0,0,0,1,0,0,0,0,0,0,0,0,0,0,1,0,1,0,0
ACTL7B,0,0,0,0,0,0,0,0,1,0,0,0,1,0,0,1,0,0,1,0,1,0
ACTL8,1,0,58,23,3,1,8,0,3,0,0,0,60,1,0,0,1,77,1,1,4,13
ACTL9,0,0,0,0,0,0,0,0,0,0,0,0,0,0,0,0,0,0,0,0,0,0
ACTN1,18940,3427,8903,38248,56066,5900,1350,6003,12248,12553,14757,22361,4372,6520,2071,15526,8467,1831,21511,21172,8260,7779
ACTN1-AS1,0,0,0,0,0,0,0,0,0,0,0,0,0,0,0,0,0,0,2,0,0,0
ACTN2,23,1,13,8,36,13,22,731,217,492,36,21,225,1303,1,6,111,24,33,48,1,25
ACTN3,2,1,1,0,1,0,2,0,2,3,1,3,74,434,1,5,1,1,1,0,2,3
ACTN4,62037.3,13404.99,21970.61,59873.74,27625.71,26068.86,7406.02,34150.68,58549.28,42424.86,36643.17,64289.84,7075.64,31354.89,6806.24,28362.26,15399.29,10453.97,60671.19,49550.24,9926.91,12661.54
ACTR10,3289,1202,2555,4125,6599,2167,718,4111,2445,2881,3432,4170,3353,764,1322,2448,1917,1229,3188,2892,1639,2330
ACTR1A,7436,2707,5685,8215,6297,4868,1330,4049,4084,4868,4411,15681,3036,3553,2739,5298,4455,3635,5332,3744,4623,4608
ACTR1B,2776,1812,1315,2331,2626,1199,741,2305,3810,3462,1943,2399,814,1340,1013,2104,1419,481,3429,3912,988,1444
ACTR2,18851,8322,18099,20892,29446,16633,6908,16278,15549,16143,29044,40720,8989,4560,12405,29906,24269,9442,24624,21121,9684,16178
ACTR3,15958,4675,9022,13867,12231,12072,4359,10293,15648,11305,14473,36766,9434,2044,8463,13562,19392,6257,13732,10318,10025,10536
ACTR3B,337.19,261.33,1064.73,125.66,427.83,187,415.63,656.25,604.99,1400.68,521.76,368.22,452.6,182.85,254.83,274.21,531.32,204.77,358.9,373.36,194.01,1014.41
ACTR3BP2,0,0,0,0,0,0,0,0,0,0,0,0,0,0,0,0,0,0,0,0,0,0
ACTR3BP5,0,0,0,0,0,0,0,0,0,0,0,0,0,0,0,0,0,0,0,0,0,0
ACTR3C,9.81,100.67,2.27,9.34,97.17,0,45.37,453.75,9.01,3.32,24.24,12.78,5.4,1.15,13.17,30.79,9.68,4.23,93.1,58.64,94.99,38.59
ACTR5,554,227,785,727,388,501,186,568,821,400,380,1169,710,195,370,453,468,644,423,500,415,442
ACTR6,1269,632,1296,1116,1659,927,401,2193,1078,1334,1449,2155,1362,362,949,1289,1207,436,1091,1043,751,1183
ACTR8,2312,680,2165,2109,1917,1214,595,1637,1717,1631,1670,2185,995,366,938,1145,875,787,1777,1919,664,1590
ACTRT1,0,0,0,0,0,0,0,0,0,0,0,0,0,0,0,0,0,0,0,0,0,0
ACTRT2,0,0,0,0,0,0,0,0,0,0,0,0,0,0,0,0,0,0,0,0,0,0
ACTRT3,23,43,160,42,61,73,83,105,100,46,107,347,45,18,56,118,80,26,13,8,104,19
ACVR1,5059,1256,1015,5867,3905,2940,958,3198,7797,2574,2953,3517,1448,642,668,2354,1292,359,2315,2363,810,801
ACVR1B,1747,1098,2670,1661,2030,651,658,2164,1218,872,1739,1823,465,678,606,1924,763,773,1344,1252,1688,1026
ACVR1C,227,48,13,64,368,26,47,81,176,6,31,162,84,35,19,127,284,80,143,11,21,20
ACVR2A,825.08,285.82,538.79,398.91,287.19,578.7,411.54,866.16,630.36,566.06,616.19,802.09,253.37,111.86,477.02,877.09,415.97,259.51,1009.92,1354.17,501.88,446.41
ACVR2B,1800,466,4740,1423,1801,1058,215,1132,1156,698,436,767,1447,418,366,349,493,640,1357,1822,98,1223
ACVR2B-AS1,122,19,123,195,151,169,11,352,92,78,16,11,108,56,44,14,13,18,124,114,5,121
ACVRL1,2291,190,401,293,500,259,570,1202,949,583,1396,1294,376,554,390,3451,2029,630,966,429,597,901
ACY1,1728,2957,2217,1912.25,1712,753.22,640,1793,2200,1211.75,1014,1561,1083,1569,494.69,977.92,538,1914.46,1967.44,1549,936,2403
ACY3,3,118,5,0,2,1,54,13,18,3,15,3,7,4,43,16,25,4,5,3,7,5
ACYP1,1114,390,23,942,441,686,119,1091,357,904,532,645,819,219,245,605,478,178,531,400,237,191
ACYP2,253,345,109,329,374,255,103,506,125,352,417,246,264,49,144,295,324,148,212,186,153,336
ADA,631,196,639,1101,197,345,143,446,591,116,348,1136,616,764,403,1354,544,957,262,124,340,398
ADAD1,0,0,1,0,0,0,0,0,0,0,0,0,0,0,0,0,0,0,0,0,0,0
ADAD2,6,1,2,0,12,0,1,4,1,0,1,1,1,1,0,13,1,2,1,0,7,2
ADAL,845,367,544,784,676,156,258,879,633,541,264,577,491,240,202,450,175,172,757,702,110,266
ADAM10,6682,3574,7045,10841,13745,2010,1130,5094,7313,9960,8146,7889,3417,863,1476,5242,2719,1223,4423,4547,1721,18640
ADAM11,79,188,1517,80,86,158,31,12,504,7,15,11,606,1163,32,35,343,289,30,28,44,310
ADAM12,4190,860,486,295,3047,174,542,1513,3969,3460,3214,3952,362,504,330,9027,1988,287,1417,875,171,5033
ADAM15,6747,2962,3793,8014,3035,1855,3837,7289,5824,2931,5181,5718,3273,8563,2028,5008,9465,7943,4856,2985,5391,3568
ADAM17,3206,964,1599,2574,2085,767,807,1541,3199,1681,3206,4254,458,173,427.96,1981,1167,305,1922,2467,1395,725
ADAM18,0,0,0,0,0,0,0,0,0,0,0,1,0,0,0,0,0,0,0,0,0,0
ADAM19,10068,215,435,2931,598,782,117,2118,4176,1928,1949,7934,241,435,523,2241,659,201,663,538,359,397
ADAM1A,113,70,74,40,129,59,61,161,146,147,86,179,116,25,91,111,155,29,161,210,50,96
ADAM2,0,0,0,1,0,0,0,0,0,1,0,0,0,0,0,0,0,0,0,0,0,0
ADAM20,2,1,3,0,7,1,2,9,1,8,3,0,5,0,1,1,1,0,3,2,6,0
ADAM20P1,15,3,4,1,12,4,11,20,11,6,8,12,16,0,6,7,19,2,4,2,12,5
ADAM21,18.83,3,5,121.51,100.32,1,2,8,80.83,5,5,4,21.46,2,2,5,1,0,1,1,4,8.9
ADAM21P1,3.17,0,0,11.49,10.68,0,0,0,4.17,0,0,4,5.54,0,0,0,0,0,0,0,0,1.1
ADAM22,378,270,265,130,210,870,128,190,213,1183,573,87,41,80,109,341,118,55,1086,1200,24,127
ADAM23,786,37,1184,5376,47,112,195,103,6933,101,1939,45,62,421,78,1324,1568,273,27,9,190,2190
ADAM28,197,171,190,39,585,75,36,189,71,197,843,201,238,60,468,701,205,28,374,363,63,553
ADAM29,0,0,0,0,1,0,2,1,0,0,0,0,0,0,0,1,0,0,0,0,0,0
ADAM30,0,0,0,0,0,0,0,0,0,0,0,0,0,0,0,2,0,0,0,0,0,0
ADAM32,26,1,1,1,6,6,39,116,33,16,14,27,7,5,3,29,11,7,12,6,9,23
ADAM33,582,3,162,1,23,18,22,229,265,93,30,122,19,133,10,528,51,11,49,8,43,19
ADAM3A,0,0,0,0,0,0,0,0,0,0,0,0,0,0,0,0,0,0,0,0,0,0
ADAM5,0,0,0,0,0,0,0,0,0,0,0,0,0,0,0,0,0,0,0,0,0,0
ADAM6,0,0,0,0,0,0,0,0,0,0,0,0,0,0,0,0,0,0,0,0,0,0
ADAM7,0,0,0,0,0,1,0,0,0,0,0,0,0,0,0,0,0,0,0,0,1,0
ADAM8,492,175,401,66,867,821,204,314,819,226,2173,2125,140,126,536,1159,875,97,850,1073,445,217
ADAM9,12527,1879,2656,3405,8649,3131,4528,6736,4537,7202,8722,31250,3763,613,1795,9111,6210,677,6439,5136,3011,4866
ADAMDEC1,521,137,159,24,37,85,66,462,35,233,420,662,441,59,1651,967,198,132,396,152,129,375
ADAMTS1,6408,1086,1054,4222,2370,2943,3277,6876,19236,4510,19605,2917,565,344,774,4060,1700,241,1569,2042,1528,1850
ADAMTS10,512,79,45,21,136,50,63,172,347,105,310,265,97,173,38,928,176,17,153,117,151,108
ADAMTS12,534,80,56,143,288,83,53,96,1045,432,473,1783,19,21,19,1021,669,8,245,191,37,234
ADAMTS13,121,203,175,43,24,177,59,177,619,39,131,43,91,114,111,116,158,209,139,186,76,379
ADAMTS14,243,125,55,93,563,47,770,119,327,278,286,1923,81,397,80,576,516,12,115,61,149,161
ADAMTS15,747,18,18,19,44,16,143,240,709,149,142,246,60,142,28,507,114,149,165,37,248,121
ADAMTS16,57,10,303,7,93,0,2,7,6,46,10,504,195,13,6,168,35,53,8,12,3,43
ADAMTS17,442,109,116,103,402,626,26,69,85,811,71,57,77,47,114,163,51,83,879,1053,94,480
ADAMTS18,165,0,1,4,11,5,28,28,1,10,11,249,26,1,10,336,18,0,27,13,8,6
ADAMTS19,0,0,1,0,1,58,0,3,25,0,0,1,0,0,1,1,0,1,1,0,0,0
ADAMTS2,5949,473,714,284,1895,367,822,753,6998,1286,2937,3216,692,782,598,8243,2790,1852,1972,1147,566,690
ADAMTS20,0,0,10,2,0,2,22,61,91,7,15,2,4,0,3,1,0,0,0,0,0,0
ADAMTS3,201,12,203,48,16,15,149,83,127,35,324,47,19,5,45,312,202,9,72,32,42,47
ADAMTS4,1009,111,884,451,585,146,431,2298,1719,2575,4174,1822,189,340,54,4505,4563,100,591,240,787,150
ADAMTS5,1224,53,228,81,3039,206,123,654,1464,374,1131,591,85,26,50,1250,419,36,762,230,295,75
ADAMTS6,178,56,613,89,87,11,84,56,369,678,257,1422,26,3,38,277,265,14,211,104,33,31
ADAMTS7,341.86,110,856,75,344,615,85,166,1777,388,644,221,205,1054,41,1327.86,625.97,201,130,71,193,1290
ADAMTS8,66,5,3,2,8,1,17,80,65,11,11,7,10,9,0,56,4,10,12,4,45,22
ADAMTS9,1447,106,335,265,497,125,336,940,7263,2833,3124,993,236,55,65,1774,1404,146,271,229,406,179
ADAMTS9-AS2,26,4,5,5,7,1,3,97,123,36,40,6,3,1,0,45,9,0,3,3,3,15
ADAMTSL1,945,50,80,65,164,71,279,540,178,348,1193,10977,109,88,53,1043,223,29,203,79,48,32
ADAMTSL2,168,265,138,40,275,27,29,92,225,151,212,179,25,110,32,513,305,57,42,24,159,725
ADAMTSL3,71,285,74,7,136,5,25,130,161,41,223,86,70,108,59,355,89,25,51,30,20,756
ADAMTSL4,1325,308,1349,67,114,72,162,327,879,146,2103,730,210,410,203,832,363,1672,303,147,306,196
ADAMTSL5,290,43,9,382,135,38,69,13,489,338,263,35,11,134,126,34,86,175,41,24,12,29
ADAP1,943,135,432,145,170,211,103,177,1240,432,326,241,118,160,525,412,276,415,169,61,98,1102
ADAP2,1019,478,506,166,1115,150,270,647,417,362,1258,1214,624,112,831,2098,1384,482,1766,922,1444,1133
ADAR,19573,11512,26042,17414,16834,6625,4578,11669,17801,14052,21466,27126,8220,4546,10945,15364,14228,10782,17888,13862,5202,9017
ADARB1,2499,1028,1308,4377,6861,3336,401,1879,2299,1286,4537,1245,639,1131,1019,1660,1082,815,859,1009,558,2895
ADARB2,0,21,16,0,47,5,4,3,17,1,1,0,0,0,22,2,11,2,54,103,8,1
ADARB2-AS1,0,0,0,0,0,0,0,0,0,0,0,0,0,0,0,0,0,0,0,0,0,0
ADAT1,1289,406,1320,1442,1317,309,214,1040,1398,716,896,1055,306,78,174,1007,329,79,1171,904,303,668
ADAT2,235,280,207,114,329,402,339,1128,454,255,221,602,250,68,338,235,318,124,514,727,349,436
ADAT3,126,80,86,236,84,307,131,180,229,128,160,373,137,251,112,128,120,337,151,135,298,155
ADC,1077,239,98,748,220,102,85,160,272,101,368,171,733,374,126,444,498,132,266,265,60,256
ADCK1,322,247,546,506,900,234,152,617,293,227,448,331,445,486,331,534,236,354,325,207,239,104
ADCK2,1532,985,1071,1091,1652,1198,808,1567,920,2139,1536,1614,1800,2582,782,1315,1259,686,889,471,905,1294
ADCK3,2763,2155,3446,1944,719,1111,705,2347,3331,786,2842,1468,1833,1649,1127,1615,727,3157,3122,3320,448,1024
ADCK4,1621,798,707,1616,879,1160,615,1612,2909,1236,1442,795,1224,1490,367,726,897,675,895,668,645,708
ADCK5,285,180,198,316,376,501,296,336,610,449,505,293,369,386,210,431,433,197,200,178,285,245
ADCY1,15039,1419,1571,11945,13934,4894,141,2871,2736,221,156,137,3991,1611,102,778,243,206,130,68,86,92
ADCY10,0,39,0,2,0,1,5,4,1,1,3,7,0,0,1,1,3,0,1,0,2,2
ADCY10P1,17,34,15.01,7,31.08,144,30,32,14,8,44,194,110,8,18,33,173,89,65,81,32,258
ADCY2,11,3,1,3,146,30236,2,50,8,33,2,12,1195,212,3,24,1260,10,4,0,23,9
ADCY3,5416.44,283.57,503.9,3031.1,721.87,3815.25,1009.13,2380.91,4484.4,1234.71,1241.33,4014.18,1151.9,2371.13,791.31,2189.72,2690.85,1086.95,801.25,340.77,2160.22,1286.97
ADCY4,629,64,75,100,112,83,77,421,206,104,257,323,144,67,72,708,318,83,135,102,292,110
ADCY5,57,119,84,24,34,17,21,100,1069,14,12,118,21,27,31,298,78,106,71,32,36,72
ADCY6,4266,1211,3032,3808,2587,1509,875,2873,2640,9099,3906,628,2072,1487,655,2204,2039,697,3069,2726,574,2299
ADCY7,1896,781,2359,530,1757,1025,281,1007,4471,618,2247,3808,628,245,1781,2902,1789,376,1551,1014,991,2057
ADCY8,0,0,7,2,28,0,3,114,115,1,3,5,3,0,0,0,1,0,0,0,0,0
ADCY9,2621,1630,1806,5459,1287,1828,928,1354,2294,1568,1053,1348,845,1354,450,1329,953,1166,1585,1438,514,2079
ADCYAP1,393,4,7,1,2,6,13,31,4,3,19,63,19,0,1,98,30,2,7,2,14,0
ADCYAP1R1,208,12,11,12,49,4,54,192,58,146,142,201,38,40,21,163,60,112,55,22,56,9
ADD1,13906,4680,8913,19994,11458,5097,3191,7894,8130,7042,11859,16043,3647,2834,4282,10587,5371,7360,9725,8001,4186,4816
ADD2,66,14,847,5,20,54,29,40,204,5,37,34,13,111,55,65,155,46,103,54,18,42
ADD3,4944,1509,3438,6760,3600,3873,814,3000,7434,5393,5144,2419,2180,1037,1676,6473,3282,850,4985,5245,775,3114
ADGB,0,0,1,0,0,1,0,0,3,1,2,0,0,0,0,4,2,0,1,1,3,4
ADH1A,3.01,11882.24,0,0,0,0,0,20.64,0,1,0,2.01,0,0,0,12.08,0,0,2,0,170.3,2.04
ADH1B,1197.95,61650.42,34,3,1,36,446.91,2778.46,1,2,3,3211.87,10,24,69,5122.44,6,203.88,4004.94,116,841.04,1456.19
ADH1C,11.05,11318.33,6,2,5,0,4.09,18.12,0,2,6,12.12,7,34,7,79.48,0,11.12,14.06,2,150.47,110.77
ADH4,0,23205,0,0,0,1,15,54,0,0,0,2,0,0,3,16,0,0,8,0,265,0
ADH5,7519,6059,5092,13172,6586,6033,2961,7810,5141,6070,5995,8266,5803,1426,5795,7619,4979,3060,7877,7094,3349,5428
ADH6,2,5597,0,1,0,0,0,9,2,0,2,1,0,0,1,1,0,0,0,0,78,2
ADH7,0,2,0,0,0,0,0,0,2,0,0,0,4,0,0,7,0,0,0,0,12,0
ADHFE1,93,766,211,217,109,63,102,240,156,127,135,45,85,58,571,207,60,72,257,434,25,227
ADI1,3390,8761,2502,4042,2873,3253,2338,4995,2595,2258,4418,5327,2593,1824,3068,4032,2819,8831,3408,3338,2266,2492
ADIG,0,0,0,0,0,0,0,0,11,0,0,0,0,0,0,0,0,0,0,0,0,0
ADIPOQ,358,1,0,0,0,8,393,1479,0,0,0,3717.37,5,0,1,3898.08,8,77,4254.62,121,1,0
ADIPOQ-AS1,0,0,1,0,0,0,0,0,0,0,0,4.63,0,0,0,1.92,0,0,7.38,0,0,0
ADIPOR1,12755,6715,8298,12451,9121,4652,1944,6301,9868,5714,7386,9476,5323,5644,3829,7077,8754,4814,6566,6054,5381,2787
ADIPOR2,8966,5029,6060,16262,8841,9943,2761,6087,5477,6977,5417,9786,3691,1584,5676,5229,3442,6059,10819,9815,3514,5411
ADIRF,783,246,32.67,98.85,237,1399,192,2015.99,123.83,85.95,271.96,1837.96,87.39,195,81.99,2154.98,184.93,339,494,32,690.99,191.8
ADK,1141,1300,842,863,1007,827,244,1367,670,911,759,3469,775,220,510,787,937,381,2223,1809,2301,667
ADM,832,182,262,62,393,639,379,696,3951,609,1000,9396,66,268,284,701,853,284,470,116,920,85
ADM2,470,47,57,1,213,103,157,73,2994,1472,167,69,23,1618,125,264,89,90,151,48,43,1007
ADM5,128,13,69,24,13,28,43,126,113,36,17,60,18,38,8,67,22,62,27,14,57,33
ADNP,7974,2030,9752,9950,4177,4026,2221,4622,9508,5145,3583,13357,5575,1541,3246,5077,2971,3185,6912,7263,1898,5485
ADNP2,1507,894,1580,2716,2371,888,745,1904,1958,1656,926,1974,1058,275,659,1255,1072,657,2261,2211,710,2276
ADO,2798,1382,1688,2579,2836,1337,412,1552,1872,1477,972,3577,2091,893,1117,1243,2872,702,3299,3173,638,1790
ADORA1,112,35,160,157,37,109,18,427,344,521,1091,152,16,215,26,42,110,36,43,26,33,31
ADORA2A,249.98,134.28,208,61,54,105,48,165.94,114.89,54,282,168.96,91.97,71,591,496.97,195,136,178,61,120,363.92
ADORA2A-AS1,1.02,122.72,5,0,2,8,6,5.06,6.11,0,2,5.04,4.03,1,2,6.03,1,0,12,7,4,16.08
ADORA2B,613,13,39,44,899,54,31,633,1851,554,1289,984,362,10,23,58,410,43,34,32,335,77
ADORA3,515,303,354,156,1687,144,78,112,212,171,903,475,271,110,259,591,2454,375,667,443,23,629
ADPGK,3273.35,1156.96,2885.74,4214.89,6409.26,2159.89,1188.53,4457.64,3286.85,2869.94,3344.05,4709.6,2850.96,1046.81,2390.62,2840.31,2225.58,1477.95,2742,2328.45,1427.68,5294.38
ADPGK-AS1,8.65,10.04,3.26,2.11,52.74,2.11,6.47,18.36,3.15,19.06,11.95,10.4,3.04,2.19,7.38,27.69,11.42,1.05,12,9.55,3.32,7.62
ADPRH,561,141,834,110,2685,595,382,1804,1825,1165,1787,703,923,88,460,1481,978,238,434,224,192,455
ADPRHL1,164,16,72,13,82,7,10,87,215,19,35,31,51,71,47,38,18,244,9,3,66,73
ADPRHL2,3080,759,997,2372,1627,1798,1004,1874,1410,2072,2393,2710,1487,1663,1323,1366,1288,1287,1383,1016,1658,1181
ADPRM,201,242,243,466,717,292,78,442,223,96,305,410,310,116,141,352,275,176,236,224,131,207
ADRA1A,0,369,4,2,1,0,0,0,4,0,5,14,0,1,1,15,2,0,9,1,4,0
ADRA1B,20,83,70,6,46,5,6,15,130,4,61,143,75,6,31,80,87,43,5,1,0,80
ADRA1D,33,1,11,1,0,4,12,6,15,15,27,155,9,2,2,40,5,5,12,2,7,47
ADRA2A,995,12,132,16,147,26,162,690,175,160,72,721,116,227,59,570,72,31,282,54,274,155
ADRA2B,11,39,24,0,1,8,32,23,92,91,4,2,6,1,59,50,22,14,16,9,7,10
ADRA2C,51,134,532,271,164,1845,21,41,687,11,15,20,264,8,255,79,47,2068,21,2,97,14
ADRB1,6,6,6,0,3,6,3,81,204,2,36,17,2,10,12,8,8,1,29,20,20,12
ADRB2,199,155,143,9,255,48,15,125,47,30,75,268,47,40,219,232,64,119,998,636,94,1491
ADRB3,10,0,0,1,2,0,0,23,3,26,6,11,1,0,0,6,0,1,3,0,3,0
ADRBK1,5634,1562,2933,3814,3993,2097,1124,3542,4143,4292,5106,4614,1655,3723,3274,5399,2531,1800,3213,2310,3943,2838
ADRBK2,1855,1112,4984,1108,723,429,3548,468,745,269,863,921,616,974,1922,1957,1562,3024,1295,1006,384,1726
ADRM1,5860,2102,5930,4922,5709,4543,2515,6786,11228,5609,4527,14239,4815,8493,2533,4582,3953,4581,2818,1902,3937,3661
ADSL,3051,3773,4428,5345,2598,3137,784,4898,7194,2622,1795,5396,4241,1677,2169,2205,2724,1819,3416,3025,1138,3284
ADSS,8322,3956,5822,7262,3886,3333,1503,5361,6916,4057,4370,10194,4285,2003,5067,5067,5506,2238,4240,4236,1801,2693
ADSSL1,108,277,496,128,789,44,36,66,352,130,389,76,27,336,218,219,102,312,188,166,38,411
ADTRP,46,24,2,38,82,14,8,51,20,4,20,1090,53,4,16,44,100,2,17,22,647,6
AEBP1,49329,45912,46068,34529,9199,19335,53127,49903,71688,19274,117010,16104,30562,91320,12584,49313,27987,5847,68735,87557,3137,27211
AEBP2,1738,1281,1407,1658,1466,1389,725,1783,2085,2405,1693,2630,2333,466,1305,1755,1450,716,2447,2633,1757,1206
AEN,1889,1086,4018,3110,11251,1639,858,2396,2403,1799,2102,2308,2760,1706,878,2304,1432,1208,1733,1448,906,2750
AES,13685,7770,11921,14261,7158,14346,5032,6762,11074,5631,10533,16325,5928,10484,5302,12500,5803,5819,14884,11473,5675,12046
AFAP1,5873.94,2657.96,2227.96,2150.93,2020.97,974.99,2525.93,12156.82,5420.92,3094.96,6307.95,6512.91,243,383,716.98,3110.79,2487.54,860,3412.98,3295.95,407,2551.96
AFAP1-AS1,15.06,10.04,7.04,11.07,6.03,5.01,15.07,37.18,16.08,12.04,14.05,20.09,3,0,4.02,32.21,106.46,3,11.02,25.05,2,10.04
AFAP1L1,3037,201,1062,553,476,693,401,2879,2457,1721,1181,1100,644,430,288,3009,1543,542,268,183,280,851
AFAP1L2,5536,2936,214,539,485,1986,106,3926,12969,7525,7560,475,298,249,337,1264,696,140,200,92,4115,423
AFF1,6162,2199,1088,4284,5194,2124,1230,2666,1730,3029,4185,3579,804,410,1656,3723,2429,584,4760,5745,1286,2449
AFF2,102,5,553,570,271,260,1,53,144,9,390,9,21,1,41,106,41,454,272,495,7,17
AFF3,627,729,882,9,1314,1069,564,55,1196,19,101,3956,2164,351,1383,472,368,871,440,317,14,1334
AFF4,9857,5259,6263,7771,11505,4478,3634,4800,8154,6624,7732,11646,5753,825,2958,6651,5507,2363,9070,11405,3001,4686
AFG3L1P,694.53,209,357.88,489.08,702.05,255,214.57,478.53,545.46,377,332.61,631.42,428.68,155,233.43,391.56,381.6,124,566.38,579.01,311,311.49
AFG3L2,6677,3779,5636,8927,9202,3586,3645,7264,4405,4408,3673,6815,5195,1157,3164,5622,4774,6952,7411,6919,3383,6907
AFM,0,4329,0,0,0,0,0,8,0,1,0,3,0,0,1,0,0,0,0,0,57,0
AFMID,1025,1619,384,607,260,301,300,383,1091,414,603,764,303,318,737,834,270,267,597,613,171,265
AFP,0,40,0,0,0,0,1,1,0,0,2,68,0,0,0,1,0,0,0,0,0,0
AFTPH,3502,1239,1434,2660,2593,1867,917,1947,2261,2421,3042,3225,1081,517,1410,1957,1968,786,2792,2894,2111,1764
AGA,1963,846,1006,5030,7275,1346,615,2069,3808,2572,2366,1209,895,685,1399,1139,1084,212,2248,1814,870,806
AGAP1,4877,856,3056,3917,2664,2416,1003,1162,8598,1208,1712,1905,543,802,1255,1097,827,1013,4370,3951,575,1131
AGAP11,55.78,9.08,32.53,23.42,199.61,59.18,20.1,96.47,46.82,19.21,27.25,124.48,785.34,1,9.11,60.63,130.39,12,7.05,8.08,26.33,179.08
AGAP2,398.14,93.21,157.3,30.58,172.97,543.98,56.97,140.42,200.76,1088.63,407.79,172.01,100.77,252.34,485.46,698.29,200.78,124.49,324.12,172.59,380.46,311.67
AGAP3,7962,2262,4632,3788,16578,4453,3366,5179,3794,11875,4741,5629,5911,9850,2581,4530,7683,2769,3661,3496,2599,5159
AGAP4,75.88,129.74,123.34,39.47,122.42,11.75,12.82,40.8,53.16,96.34,49.55,56.59,202.96,28.86,133.09,25.78,16.66,44.31,261.01,318.4,97.19,163.3
AGAP5,133.19,110.75,97.4,55.87,168.95,43.5,41.79,86.78,154.81,144.25,81.05,138.21,98.92,17.74,74.19,173.32,134.55,29.57,126.13,192.85,80.09,142.19
AGAP6,459.88,241.78,196.14,170.33,377.76,322.89,224.52,519.17,276.23,414.55,215.47,625.19,445.83,119.16,292.59,349.21,673.54,104.46,470.26,620.41,352,575.53
AGAP7,20.72,22.35,7.75,2.92,33.91,168.26,25.74,58.43,29.63,71.87,10.82,29.61,27.08,2.89,20.13,13.91,105.5,6.41,3.1,7.47,17.8,39.13
AGAP8,325.79,49.09,63.71,93.9,88.85,29.52,77.64,188.35,168.48,47.23,68.73,379.23,38.77,28.17,29.97,180.61,380.69,40.26,32.57,60.78,59.12,141.01
AGAP9,96.67,104.03,117.76,74.78,253.9,52.15,108.23,113.93,38.31,135.31,140.86,321.26,30.97,33.6,145.4,232.62,271.88,54,221.34,389.13,75.16,241.64
AGBL1,2,3,0,4,12,0,0,3,0,0,0,0,0,1,0,0,0,0,0,1,0,3
AGBL2,21,12,14,19,20,8,18,13,89,25,12,25,4,6,6,15,9,1,8,23,5,20
AGBL3,7,9,9,5,9,1,25,32,12,18,16,13,7,3,2,13,17,3,22,17,2,17
AGBL4,13,10,8,59,6,1,1,22,58,0,6,1,20,0,0,3,11,3,1,0,0,3
AGBL5,2454.03,609,2823.01,1107.01,774,1086.01,387.01,944.04,1278.01,417,1146,1818.02,844.01,1458.01,511,1062,921.02,1520.03,2340.06,2042.06,313.01,935.01
AGER,153,47,126,59,77,81,44,213,245,112,120,152,87,21,92,159,163,97,64,104,111,294
AGFG1,8967,1537,2936,4887,3717,3314,2029,4360,7613,4666,4997,5239,3329,1222,2281,3394,3159,1158,4028,4247,3506,2425
AGFG2,949,770,940,693,604,104,684,1518,778,887,1171,1096,419,995,614,1127,570,438,729,658,431,614
AGGF1,4162,1613,1819,2924,3519,1304,1137,3489,2720,1834,2567,2240,2104,339,1189,1960,1747,724,3818,3953,1067,1887
AGK,2287,657,2315,1390,2816,832,1704,4356,1732,4420,1928,2915,2003,714,1001,2330,2068,654,1201,994,544,1702
AGL,2441,1064,468,1759,1924,1111,674,2214,1177,2324,1619,1232,1314,252,1038,1399,673,349,1981,2114,661,1487
AGMAT,34,696,57,12,38,17,46,84,173,301,83,148,180,20,57,66,309,21,59,21,48,96
AGMO,30,608,197,2,8,12,261,35005,1466,2077,2085,26,2,7,2,412,8,5,25,18,18,6
AGO1,2887,901,2085,1685,1860,1619,961,2049,2562,2305,3063,2811,850,1366,1081,2280,1313,597,2654,2912,790,1352
AGO2,1131,336,789,973,880,241,347,498,2182,791,840,1348,196,130,195,622,482,193,1006,1172,343,590
AGO3,579,152,174,318,302,242,142,284,489,441,572,535,150,63,128,367,182,95,536,698,108,241
AGO4,2317,892,958,1563,1698,1536,582,1964,1078,1356,1467,1474,1140,313,1111,1721,1443,487,2235,2618,570,1613
AGPAT1,7259,4879,8600,12252,5376,3240,1221,2432,4200,3159,8403,5913,5472,6374,2139,5212,4274,5263,5595,4365,776,5389
AGPAT2,853,2216,3443,2096,2186,3750,806,1172,3786,926,1882,921,2393,2173,2287,1955,2314,7495,2911,2357,932,3033
AGPAT3,5020,3527,2933,4238,13941,1354,2146,3887,5135,456,4785,4608,2227,2440,2224,3845,3428,2118,3551,2500,1994,3872
AGPAT4,346,158,69,145,394,838,207,115,539,113,855,1421,399,82,38,555,401,160,599,753,122,433
AGPAT4-IT1,4,1,0,0,6,8,4,3,8,1,20,18,12,0,0,15,13,4,10,25,3,12
AGPAT5,4007,2440,2247,2757,1399,1666,2177,4018,2233,2575,2360,4777,1353,417,894,1475,3179,1133,4056,4397,868,1955
AGPAT6,8942,4230,11077,10399,14728,11383,10923,6663,3734,8207,6125,6840,7065,2224,5739,11227,9528,9933,8448,8491,2076,8853
AGPAT9,684,368,67,843,1377,36,57,66,696,450,557,4264,255,83,109,137,194,12,47,57,317,85
AGPHD1,152,52,129,122,128,87,27,138,48,31,67,77,41,68,33,45,28,16,142,200,28,118
AGPS,6243,2903,2933,5033,5166,2779,1264,4069,5430,3717,3082,5978,3655,949,1749,3826,3637,1303,6563,6983,1386,2222
AGR2,0,3,0,0,1,1,0,37,0,0,0,643,0,0,6,0,0,0,0,0,61,1552
AGR3,0,0,0,0,0,0,1,0,0,0,0,0,0,0,3,0,0,0,0,0,0,1270
AGRN,17193,2956,8028,6074,11707,10606,4461,7140,25811,25515,33219,17460,1458,10106,2846,10711,8819,8077,8818,8531,3524,6928
AGRP,0,1,36,2,0,2,0,0,10,0,1,3,0,1,1,1,7,4,0,1,1,16
AGSK1,209.07,72.34,756.76,170.16,207.82,85.6,41.47,64.06,158.71,121.54,100.68,273.29,9.6,61.06,28.05,121.43,30.37,9.53,310.16,350.16,783.12,288.29
AGT,44,13685,30,11,362,36,2762,68,639,287,108,51,92,71,67,74,26,126,27,4,199,61
AGTPBP1,1186,450,927,770,985,1673,356,1221,2060,957,1122,1726,606,175,751,1116,1255,484,2100,1868,343,1452
AGTR1,156,575,6,12,12,9,19,108,115,26,29,127,25,17,7,276,62,89,59,15,26,25
AGTR2,0,0,0,0,0,0,0,0,0,0,0,0,0,0,0,0,70,0,0,0,0,159
AGTRAP,2892,973,1094,3006,1428,1658,970,2203,1839,2673,2540,2881,1709,1513,1409,1188,1169,2478,1943,1477,1307,876
AGXT,0,14487,16,0,0,0,1,33,0,1,0,1,0,0,0,4,0,11,0,0,164,0
AGXT2,0,2185,0,0,0,0,0,0,0,0,0,10,1,0,0,0,0,0,0,0,26,0
AGXT2L1,0,790,52,0,517,13,60,389,18,0,2,1,98,63,144,52,24,1,0,0,9,2
AGXT2L2,1213,1087,371,460,335,295,474,920,763,280,1198,564,394,233,582,914,542,269,494,386,417,489
AHCTF1,5979,2317,4038,5099,3927,2535,1404,3606,8885,4778,3752,9461,2421,591,2238,3342,6506,1396,3748,4251,1551,2877
AHCTF1P1,754,255,587,646,548,215,112,340,1127,566,417,1011,143,57,187,428,464,72,428,498,138,308
AHCY,7145,10418,13444,14449,6635,7502,3088,6522,18683,2437,3501,14119,14739,10693,4731,5711,6084,12698,7885,7015,4720,12373
AHCYL1,11887,2874,4161,8938,19994,4456,2133,5035,7640,5300,8068,7687,5935,1695,3009,7033,4273,2064,5726,5615,3438,6824
AHCYL2,2145,756,6718,2162,3073,820,997,2332,2566,3999,3016,1403,1037,470,9872,1935,3591,1580,3022,4792,750,2522
AHDC1,2027,268,838,1613,1832,514,250,800,1515,2441,1847,945,233,996,319,1711,669,502,1154,902,590,491
AHI1,1097,544,190,606,775,607,485,1762,1833,1565,1479,2786,711,91,404,508,496,155,1235,1480,245,723
AHNAK,92158,9923,14090,68707,44932,28197,4861,25305,58659,69231.99,61420,125412,11705,4508,18049,48851,18621,5471,121012,143955,49918,16945
AHNAK2,27433,3102,1315,1298,35418,8086,2127,881,12818,5501,3146,11321,1247,4193,4075,885,2915,260,29630,48886,9982,312
AHR,9382,2142,3219,2292,2462,5796,3498,17635,24005,6079,30826,6587,3771,752,1644,6361,2455,292,5870,6054,2223,4096
AHRR,155,27,144,217,132,159,111,144,487,10,994,116,452,123,22,35,150,117,32,36,78,187
AHSA1,7459,3011,9876,7926,12163,2845,1564,3928,9318,3307,4827,7929,2602,2253,2562,4272,2209,3752,3638,2772,2468,1812
AHSA2,1008,561,620,171,1280,1105,646,3499,1368,531,899,1510,1056,313,659,1166,1187,221,556,1142,340,1374
AHSG,0,37728,5,0,0,2,0,72,0,0,1,0,0,0,1,11,2,2,0,0,485,2
AHSP,4,0,3,0,8,0,2,13,0,0,2,0,1,0,1,1,14,2,0,0,0,0
AICDA,3,1,4,0,0,1,2,10,2,3,1,1,1,0,2,4,4,0,1,0,0,1
AIDA,8752,4910,3968,6105,4491,4442,1319,5061,8859,7473,4988,6841,4113,1421,3361,5225,3614,2724,6777,5890,1442,3355
AIF1,1702,1271,1109,183,1734,390,466,2042,534,659,4822,2164,1889,305,2901,4399,3032,1963,3039,1541,438,3040
AIF1L,3790,10639,7211,4398,708,607,1316,795,8876,1811,10943,227,1457,1393,6212,9024,2659,4034,5650,6784,606,6617
AIFM1,3211,2261,3379,5391,9603,2617,1059,4049,2651,1301,1748,4973,2228,936,1456,2435,2235,2626,2547,1980,1348,3493
AIFM2,1889,823,1878,2214,1794,1992,775,1985,1138,1116,653,1348,705,1251,872,963,1177,482,611,470,125,530
AIFM3,38,63,63,3,30,33,19,101,81,80,43,18,175,84,27,42,79,48,5,5,18,81
AIG1,630,2068,989,385,1958,558,194,1509,459,98,1177,2079,291,237,275,658,430,241,690,616,813,613
AIM1,1807,465,245,113,318,1656,137,2668,1771,3040,1026,16078,253,87,853,1679,746,215,800,408,6691,624
AIM1L,14,4,3,0,0,9,3,63,5,0,1,3,7,5,11,7,16,3,1,4,1637,19
AIM2,473,82,36,25,267,50,66,990,14263,1761,431,1782,417,13,341,412,1650,101,205,103,41,195
AIMP1,2886,1679.47,1697.27,2680.96,2352.18,1839.08,1579.77,3764.47,2996,2522.38,2405.8,4641.87,3044,595,1546.41,1887.17,2536.54,922.55,2723.68,2745.48,1661.33,2750
AIMP2,1240.39,769.43,2030.16,1210.89,1252.19,2596.67,798.52,2276.81,3305.79,753.16,864.01,1883.05,1533.48,1050.87,489.85,818.01,1321.59,1589.42,1130.9,924.27,1013.42,2147.35
AIP,4143,1249,4117,5403,2582,2379,656,2329,2604,1785,3446,4002,2276,3868,1473,3172,1392,3682,1844,1593,610,1750
AIPL1,0,0,0,0,0,0,0,0,0,0,1,0,0,0,1,1,0,0,0,0,0,0
AIRE,0,0,0,1,0,0,1,0,18,0,3,0,3,0,0,1,0,3,0,0,6,1
AIRN,0,0,0,0,0,0,1,1,0,0,0,0,0,0,0,0,1,0,5,2,0,0
AJAP1,61,0,0,2,10,1375,7,21,20,3,6,110,8,2,10,57,17,10,9,0,51,518
AJUBA,415,506,492,480,430,149,57,162,372,507,242,2180,847,173,131,385,278,319,580,369,1600,746
AK1,974,508,1809,1142,1745,2200,502,1572,2375,616,1741,1743,1221,1852,881,1339,1447,1809,687,462,2025,2290
AK2,14696,5227,6234,19455,10396,5805,3639,10240,10794,6912,10641,13411,17578,5447,5670,7607,8400,7755,17300,14355,5896,9026
AK3,3202,5158,3416,1902,3957,3671,1706,3999,3062,455,1596,12583,2672,939,1313,2993,2069,155,4655,3692,2423,2488
AK4,2960,2157,233,78,1219,924,297,1017,3854,93,2782,8332,2642,290,1604,454,1628,502,2760,1319,2351,518
AK5,100,21,131,359,540,105,12,21,67,37,263,64,175,21,42,35,559,51,64,26,19,147
AK7,19,37,40,3,64,13,12,121,177,9,94,8,8,1,14,27,11,13,6,4,13,82
AK8,14,4,24,18,8,22,9,94,192,5,50,17,23,5,4,26,7,34,24,12,5,18
AKAP1,5949,2784,3940,6025,3310,1737,915,2158,1864,1460,1594,4115,1307,647,767,1638,1327,648,2726,2961,988,2673
AKAP10,1231,519,666,1200,1822,859,322,2050,2073,989,1668,1517,1081,285,540,1536,1093,309,733,732,600,1079
AKAP11,2883,1612,2363,2746,7881,2056,1347,3314,5020,2184,4292,7398,1759,370,2286,2696,1820,911,3772,4967,1087,3738
AKAP12,5531,6157,13705,1666,506,10382,7183,4971,9057,7679,3421,48577,3420,2277,5842,9852,2270,812,26890,24329,178,5894
AKAP13,17854,3407,5517,12466,22809,3778,1848,6053,7781,10722,8094,7448,1336,823,2730,9430,4459,1700,7169,6945,2036,4437
AKAP14,0,0,1,0,0,0,0,0,1,0,1,0,0,0,2,0,0,0,0,0,0,4
AKAP17A,4980,2364,2889,4691,6246,3308,1357,2848,6224,2990,2333,7749,2554,3241,2920,4000,2330,1521,2744,3312,3229,3241
AKAP2,7519.6,1886.51,5040.01,3361.03,7807.28,4121.17,2495.73,4224.33,6175.12,4212.89,7136.41,35917.27,1746.05,262.39,1478.98,7922.4,5789.83,1527.97,5798.15,4539.95,766.24,3574.52
AKAP3,67,10,8,20,285,4,59,40,50,320,31,11,27,6,9,20,19,1,15,20,13,103
AKAP4,0,0,0,0,0,0,0,0,0,0,0,0,0,0,0,2,0,0,0,0,0,0
AKAP5,107,73,87,5,50,32,32,129,33,326,528,159,159,30,811,364,284,91,262,186,20,416
AKAP6,313,304,10068,2333,818,95,3897,1317,2875,948,15107,145,161,97,130,2865,989,46,205,68,115,4154
AKAP7,274,433,193,234,376,135,233,668,742,94,322,440,379,167,325,370,326,166,639,487,68,678
AKAP8,2468,795,1795,2311,1995,1387,872,1639,2171,1712,1753,3086,1215,622,1078,2070,1303,795,2018,1841,1126,1507
AKAP8L,3455,893,1900,2440,2002,1948,830,2185,2940,2505,2105,2884,1175,1138,1164,1680,1232,1552,1644,1607,1077,1771
AKAP9,7288,7743,2004,1930,11238,2363,1829,7192,8177,8670,4364,3519,3715,686,4193,4642,2707,327,7884,8856,1381,6324
AKD1,360,106,276,221,243,331,47,329,584,381,236,740,133,46,51,132,66,45,423,477,111,237
AKIP1,726,449,911,1386,2482,1057,440,1447,943,779,1673,1903,535,387,373,1323,701,436,829,518,901,500
AKIRIN1,5754,1721,2072,3525,3576,2271,2068,5493,3833,4026,4269,7207,5332,1066,2053,2954,3082,1089,2652,2784,1458,2192
AKIRIN2,2572,1046,1171,1454,1756,1845,522,1701,1683,1002,2035,4805,954,457,876,1498,1487,679,2521,2239,1442,994
AKNA,2284,845,2261,1345,962,1071,527,1181,841,360,2312,1490,588,985,2759,3934,1580,1128,2197,1392,605,2596
AKNAD1,22,2,2,35,38,2,3,12,9,19,14,31,3,2,3,7,0,0,1,5,17,0
AKR1A1,3456,4742,3317,3309,5128,3345,1378,3767,2891,3342,4757,4899,2948,3917,3665,4805,3481,2333,3192,2758,2138,3254
AKR1B1,3236,2065,7427,3128,8947,1581,2027,3906,2528,604,2512,8268,5229,4343,2381,3823,8459,4414,4667,3356,532,1125
AKR1B10,33,54,0,0,4,1,8,0,9,4,2,12,2,2,0,3,0,0,2,0,3302.9,1
AKR1B15,4,0,0,0,0,0,0,0,1,1,0,0,2,2,0,4,0,0,0,1,361.1,0
AKR1C1,180.16,2514.14,78.4,5,7.05,159.47,78.76,1269.1,331.75,20.74,18.79,286.46,51.49,24.08,27.51,358.29,13.17,32.12,197.39,106.14,281.93,251.6
AKR1C2,226.66,807.87,217.76,4.07,40.55,40.53,93.24,519.76,25.91,37.87,11.21,259.52,68,27.08,39.71,471.17,12.97,29.07,261.37,62.44,476.6,71.55
AKR1C3,526.18,776.99,163.84,53.93,144.41,44,89,497.14,205.34,91.39,107,515.02,103.51,46.84,36.77,658.53,111.86,99.81,487.24,676.42,170.47,153.85
AKR1C4,0,2151,0,0,0,0,0,1,0,0,0,0,0,0,0,2,0,0,0,0,25,0
AKR1C6P,0,30,0,0,0,0,0,0,0,0,1,0,0,0,0,0,0,0,0,0,1,0
AKR1CL1,0,14,0,0,0,0,0,0,0,0,0,0,0,0,0,2,0,0,0,0,0,1
AKR1D1,0,2274,0,2,10,0,1,6,0,0,0,0,33,0,0,0,0,0,0,1,35,0
AKR1E2,61,43,2,48,97,165,10,305,170,279,73,251,23,102,29,73,43,39,20,5,16,103
AKR7A2,3332,1155,1337,2208,2562,1868,769,2800,1934,2501,1880,2859,2024,1620,843,1588,1346,1645,1508,1264,1133,1121
AKR7A2P1,1,2,3,0,7,3,0,2,6,8,2,8,2,2,0,3,9,0,5,10,2,9
AKR7A3,25,1671.51,21,4,4,37.75,22,32,95.5,60,9,20.62,96,2,20,10,147.84,26,17,14,59.93,73.92
AKR7L,24,117.49,1,3,3,12.25,17,21,73.5,40,10,21.38,26,6,4,13,31.16,17,18,17,9.07,5.08
AKT1,6879,4368,6980,11796,21619,4674,2388,7016,6215,3610,9452,9728,3689,9966,3831,8706,5097,3886,7514,5798,3193,6791
AKT1S1,3139,1090,1642,2878,1600,1733,1354,2742,5783,2768,2472,5610,1675,3557,945,2013,938,2388,2223,1670,2068,1253
AKT2,6258,3417,5014,7157,5339,4852,2279,6582,6145,5310,5669,7347,2967,7324,3044,5560,2990,3381,7842,7534,3350,3844
AKT3,21468.34,7530.3,10972.41,14507.45,5176.38,5646.11,1557.04,5213.48,9632.54,6687.46,5941.6,2950.69,1665.46,1815.95,3772.41,7372.26,5293.68,1941.59,9696.93,11065.9,438.75,3531.29
AKTIP,1339.1,709.03,621.3,990.4,1312.96,1781.2,270.75,1908.68,485.67,825.9,1156.11,1658.63,1124.24,208.84,588.33,999.3,655.56,193.41,866.63,794.65,1081.64,608.85
ALAD,2387,4230,2698,2274,2135,2138,968,2143,3183,1970,4936,3327,1372,706,1652,3878,2267,1278,2937,2676,1009,1722
ALAS1,4703,1898,2643,4832,4418,2758,1299,3174,5266,3679,2517,5146,1723,2096,1502,2364,2760,1648,1886,1481,3098,2172
ALAS2,44,2,19,4,113,1,13,20,12,7,1,3,1,0,4,6,152,2,1,1,5,0
ALB,4,1540377,0,0,0,65,2,1860,1,66,2,3,1,0,87,129,5,0,0,0,19002,72
ALCAM,1822,947,1607,118,2493,607,918,2492,4242,677,2600,10524,691,390,992,1668,2280,43,1306,1330,306,1879
ALDH16A1,1114,683,970,1590,1026,1299,606,1742,1306,1034,1638,2080,1309,4129,896,1584,848,2259,1290,769,2049,1231
ALDH18A1,5597,3442,6124,9453,7684,2043,1164,2784,7152,4989,3458,14504,4742,2252,2362,5189,4375,2620,5276,4399,1963,3072
ALDH1A1,6682,6394,26792,953,1039,280,4837,2515,882,658,3597,1533,979,1120,9640,18511,4630,1400,571,166,285,1447
ALDH1A2,65,112,25,61,75,36,43,46,1200,30,44,152,83,33,23,92,22,75,18,2,20,1835
ALDH1A3,7466,410,6037,116,965,4101,636,91836,7133,115081,13798,11487,1604,3125,522,4382,354,67,1298,781,2616,6747
ALDH1B1,2078,3450,1780,74,3515,165,1148,875,1482,910,1270,3059,1127,734,1622,3951,1621,872,3901,2486,180,8759
ALDH1L1,18,2840,65,18,265,128,90,131,2,0,0,134,3,24,84,342,9,2,82,5,34,3
ALDH1L1-AS1,0,0,0,0,0,0,0,0,1,0,0,0,0,0,0,0,0,0,0,0,0,0
ALDH1L1-AS2,0,11,3,0,5,0,0,6,0,0,0,8,0,0,0,8,0,0,2,0,0,0
ALDH1L2,1758,215,178,68,560,221,104,565,3321,982,792,1765,637,242,2601,2967,1574,488,546,299,63,1390
ALDH2,1563,25246,491,171,1174,218,1863,2188,240,389,2183,1659,826,338,1499,5516,3673,614,1865,860,9944,1559
ALDH3A1,1,20,27,11,8,14,32,32,20,0,16,3,0,46,7,16,9,0,3,0,1797,1
ALDH3A2,3109,5014,1382,3504,2524,2361,820,3526,2801,1464,3265,1870,1372,886,1542,2312,1730,779,2802,2843,2979,2259
ALDH3B1,846,318,483,1046,1683,213,220,561,863,354,965,1115,259.16,850.53,540,1058,795,1016,643,490,71.03,540
ALDH3B2,33,0,38,369,1296,0,33,290,2,320,0,0,753.84,438.47,12,165,3,5,4,2,12536.97,25
ALDH4A1,951,5840,3264,1040,2342,1139,470,2710,544,2967,989,677,1463,1357,208,3989,739,579,1000,815,2751,745
ALDH5A1,570,2058,1581,7,2429,455,72,1277,953,92,417,75,508,433,382,797,1293,470,118,32,1387,1060
ALDH6A1,658.29,3866.57,715.82,833.45,2189.25,99,91,639.88,467.59,202.61,744.48,495.46,310,135,198,713.47,121.06,97.64,1058.93,1203.34,141.01,407.79
ALDH7A1,1904,2956,3161,2058,2342,2706,976,8023,4611,1227,2549,3105,2355,924,1484,3912,1258,3044,2293,2184,4883,490
ALDH8A1,37,2853,1,1,8,16,31,57,14,3,17,37,9,1,11,25,7,6,6,8,65,15
ALDH9A1,4360,6183,6654,6974,9926,2926,1745,6658,3356,3847,6773,4544,3565,2305,6017,8168,6436,4724,4954,4705,3843,2971
ALDOA,43433,19138,33129,42938,46953,39228,31620,52932,80215,23700,40672,72572,16142,59221,13320,26757,29315,40269,63054,55402,29944,16557
ALDOB,10,67692,6,1,16,3,16,82,13,7,20,0,8,1,4,28,1,0,2,3,857,10
ALDOC,1785,323,914,11,50,997,1019,1702,2033,993,2793,2036,387,1233,373,876,497,368,1090,1098,566,732
ALG1,2126.61,1147.77,2080.59,2421.21,1845.65,1135.91,1246.59,3262.22,2561.54,2006.59,1327.98,2493.31,1689.86,1086.07,867.31,1586.26,1175.54,1969.84,1359.03,1107.97,940.61,1169.35
ALG10,237.89,161.9,140.63,308.23,219.79,224.27,54,225.4,224.35,234.45,149.06,865.89,130.45,79,133,197.06,76,75,408.47,464.6,97.37,242.49
ALG10B,932.11,559.1,582.37,825.77,623.21,662.73,302,931.6,1038.65,906.55,712.94,1434.11,705.55,147,391,500.94,335,320,1612.53,2383.4,215.63,1150.51
ALG11,806.97,584.55,1055.23,1661.83,2266.45,352.16,350.3,692.96,651.1,524.86,664.51,575.4,413.51,109.83,450.03,892.35,315.92,112.74,940.34,1074.43,197.28,828.4
ALG12,1515,724,1499,1424,1076,847,310,820,3918,827,1211,1195,898,1308,500,997,396,1486,1194,1249,581,1393
ALG13,1633,981,899,1759,2382,790,559,2649,1466,848,1218,2705,1538,251,1105,1309,1178,542,1396,1546,636,1221
ALG14,823,296,344,1283,1083,283,277,834,795,795,484,891,862,410,528,664,626,369,376,332,283,615
ALG1L,0,2.34,25.81,6.46,0,13.43,21.03,49.96,2.26,1.37,8.39,2.47,73.61,16.56,2.57,10.2,1.25,13.56,14.14,8.36,134.58,12.4
ALG1L2,3,0,4,2.06,1,0,2,0,0,0,0,0,0,0,1,4,6,0,0,0,1,1.07
ALG1L9P,10,0,22,24,9,2,8,11,17,2,13,2,5,9,5,5,4,6,13,21,3,7
ALG2,1602,1170,1709,1651,2686,1507,697,1406,4380,944,1500,3385,1297,465,1343,1781,1429,1347,1878,2043,1158,3215
ALG3,2564,914,3326,5503,3089,1454,962,2157,3848,1183,1297,5725,2429,5602,1045,1537,1077,3804,2035,1780,1035,1714
ALG5,2918,1758,2072,3844,3746,1218,1531,3789,1918,1122,1927,1566,2596,352,2242,2381,1060,1719,2823,2733,896,1834
ALG6,1256,626,601,1953,526,681,482,1048,1690,1382,1229,1352,1271,403,624,935,652,778,1161,1057,585,942
ALG8,1836,1273,1927,2835,2595,719,600,2350,2082,1569,1461,4153,2715,823,740,1630,2175,7576,1978,1553,629,1668
ALG9,936,579,1717,1036,2403,601,462,1091,1078,492,938,2415,434,369,465,1229,716,894,1508,1595,538,622
ALK,625,577,100,1176,161,15,90,71,397,34,194,34,79,251,75,102,243,184,43,151,6,235
ALKBH1,656,302,599,884,1049,208,137,709,524,528,486,627,386,113,275,500,250,219,475,553,218,165
ALKBH2,710,912,1000,1136,404,262,400,757,691,640,533,1148,652,568,337,629,642,964,810,865,512,678
ALKBH3,1279,263,1132,1637,1070,1257,534,1166,670,537,571,1245,771,167,429,825,327,367,1455,1362,596,292
ALKBH4,779.7,313.87,844.35,476.43,897.22,410.51,443.44,799.8,466.07,798.98,682.88,541.86,539.2,501.47,374.93,616.21,670.05,667.59,480.36,390.11,286.28,495.87
ALKBH5,3363,1218,2450,3550,4063,2625,1794,3560,5542,2932,5454,6304,2247,4157,1888,4029,2904,2135,3221,2537,1839,2431
ALKBH6,440,181,376,583,310,328,116,371,597,350,445,485,262,696,184,305,287,251,320,268,250,226
ALKBH7,1227,2408,1984,2464,1967,1702,803,2310,1742,1090,1111,2370,2508,2653,1660,2130,1200,3069,1414,1390,778,2348
ALKBH8,835,281,195,535,612,168,257,817,1625,684,641,1849,373,71,367,555,605,163,803,886,274,562
ALLC,0,3,3,1,0,2,0,0,4,0,1,4,2,0,0,0,0,6,0,1,0,0
ALMS1,1770,738,873,1331,1021,1016,201,753,1645,817,1017,1891,366,182,578,956,1192,611,2070,1842,260,884
ALMS1P,5,22,4,1,63,8,0,2,1,0,16,4,21,4,12,6,37,5,9,5,1,4
ALOX12,6,3,19,4,13,3,2,23,4,4,7,5,2,3,4,13,13,0,6,7,285,9
ALOX12B,0,1,0,4,2,5,0,0,18,0,3,0,1,2,2,3,2,1,0,0,7427,4
ALOX12P2,2,4,0,0,0,0,1,34,32,1,3,1,1,0,4,2,1,1,2,3,27,2
ALOX15,4,9,22,0,16,1,1,3,33,6,18,1,1,0,1,30,2,3,0,5,48,2
ALOX15B,128,30,22,113,20,13,7,84,55,4,53,55,18,165,55,118,492,8,22,2,2792,71
ALOX15P1,1,0,0,0,0,0,0,4,1,0,0,0,0,0,0,1,1,0,2,0,0,0
ALOX5,1300,464,300,97,626,171,181,565,615,332,2311,982,274,165,573,1310,1134,106,1350,896,272,485
ALOX5AP,768,421,291,65,1526,261,118,558,1928,165,3020,994,182,160,1211,959,1759,184,1850,1434,267,520
ALOXE3,5,0,0,7,0,1,34,0,13,4,3,4,0,1,0,0,3,2,2,1,2216,2
ALPI,0,0,0,0,0,0,0,0,2,0,0,0,0,0,0,0,0,0,0,0,0,0
ALPK1,1335,581,548,622,1174,289,633,1472,872,727,1731,676,264,156,740,842,642,150,1389,1268,556,889
ALPK2,468,116,5,13,38,3,31,45,315,54,148,371,33,10,15,418,216,7,77,17,43,4
ALPK3,301,120,163,1648,357,67,73,128,300,131,314,421,83,459,33,936,564,28,215,202,63,375
ALPL,1549,1081,607,82,1104,30,480,1963,1739,301,2560,757,68,836,107,2748,830,468,743,89,328,563
ALPP,0,0,2,0,0,0,0,0,0,0,2,0,0,0,0,0,0,0,0,0,0,6
ALPPL2,0,0,5,0,0,0,0,0,0,0,0,0,0,0,0,0,0,0,0,0,0,0
ALS2,3694,1716,2119,2621,2607,2538,625,1640,4246,3196,1855,1934,1063,482,746,1450,972,601,1979,2031,559,932
ALS2CL,203,126,102,13,289,210,37,296,261,26,87,105,363,102,218,223,377,154,39,10,3265,480
ALS2CR11,28,3,4,1,133,218,49,157,556,84,245,348,87,16,3,62,15,2,3,11,7,24
ALS2CR12,124,33,36,22,60,73,16,40,104,23,12,16,31,2,13,30,5,11,81,126,3,78
ALS2CR8,311,243,239,155,345,233,73,381,925,254,351,312,233,18,159,262,116,66,453,617,110,281
ALX1,3,0,562,1555,1011,466,256,1614,961,2489,798,2,218,269,503,644,599,399,535,653,1,294
ALX3,100,23,284,45,101,46,34,59,46,72,119,67,18,39,38,69,34,16,49,55,22,66
ALX4,57,0,15,3,10,1,7,28,120,6,10,7,2,4,6,114,24,37,10,7,4,3
ALYREF,1992,982,2569,1533,998,1571,1251,1807,3765,2117,1401,5812,1231,1570,1369,1665,1706,1835,2462,1463,2177,1178
AMACR,1466,7569.81,959.53,1146.27,1408.16,1273.81,322.96,4587.14,1865.93,657.82,1113.24,1185,1581,366.96,545,1285.08,1142.99,565.44,1245.94,1086.56,429,666.87
AMBN,2,0,0,0,0,0,0,0,0,0,0,0,0,0,3,0,0,0,0,0,2,0
AMBP,0,68426,5,0,0,1,1,122,0,7,0,0,0,0,5,29,3,0,0,0,928,7
AMBRA1,2138,839,2674,5846,3712,3472,850,1772,2155,1224,2127,2250,828,898,791,1974,754,788,4256,4290,931,638
AMD1,6597,9865,3418,10063,7406,3264,1483,5204,6831,4163,11035,11080,1971,1028,4049,4539,2774,1467,10178,8678,5096,4527
AMDHD1,91,2522,13,71,61,286,18,324,83,7,21,17,25,63,18,15,146,3,1,2,85,16
AMDHD2,1174.94,480.57,1526.18,1620.49,2022.89,798.67,532.14,917.69,504.22,518,454.8,868.19,886.77,1073.8,355,1027.03,1088.92,605.18,809.79,670.59,356.47,591
AMELX,0,0,0,0,0,0,1,0,0,0,0,3,0,0,0,0,0,0,0,0,0,0
AMELY,0,0,0,0,0,0,0,0,0,0,0,0,0,0,0,0,0,0,0,0,0,0
AMER1,592,423,1249,900,698,224,91,293,969,78,323,517,90,145,213,408,227,253,691,786,169,441
AMER2,0,2,10,0,1,0,0,0,0,0,0,0,0,0,5,1,6,5,0,0,0,0
AMER3,0,0,0,0,0,0,0,0,0,0,0,0,0,0,0,0,0,0,0,0,0,0
AMFR,7543,2603,2765,9895,4297,3270,1571,6491,6508,4972,4126,6815,2377,931,1852,3127,1603,1233,4273,4746,1527,1383
AMH,8,1,105,55,5,6,8,9,69,7,4,35,18,124,3,7,16,4,6,7,17,79
AMHR2,2,3,199,0,0,0,7,3,0,11,0,4,0,2,0,17,1,52,0,0,0,1
AMICA1,898,413,740,47,365,98,66,804,107,199,862,459,391,136,1760,1084,1185,497,545,281,393,1035
AMIGO1,249,77,172,149,159,76,54,181,229,26,312,124,152,154,64,97,41,49,39,29,22,160
AMIGO2,151,568,635,15,3162,1193,23,230,519,32,191,643,1693,39,383,511,187,36,149,88,118,393
AMIGO3,171,41,174,116,124,160,188,110,405,276,107,165,91,299,112,125,115,166,186,236,105,410
AMMECR1,1399,308,552,1690,866,492,370,1093,1631,696,872,742,432,278,350,788,791,246,720,521,2081,559
AMMECR1L,5291,1715,2618,3677,4362,2300,1029,1677,4626,2780,1820,3264,1803,1097,1951,2014,1964,1754,2663,2722,821,1146
AMN,0,769,0,0,2,1,0,4,4,1,1,2,2,3,3,3,5,3,0,1,114,9
AMN1,607,336,376,543,216,339,126,474,373,241,521,573,528,219,288,381,164,156,380,458,187,160
AMOT,304,400,5840,7280,1612,564,161,2681,1172,1171,831,146,258,324,1361,1682,390,1098,1050,1321,126,1046
AMOTL1,13463,1346,3354,6110,7520,6177,841,12027,18471,7770,11874,10759,1219,917,525,6470,2554,8156,16840,14824,3780,2178
AMOTL2,4490,980,2047,3656,1458,302,432,1924,1065,464,1313,7850,2690,1045,1611,3135,750,1540,6755,5449,1433,2253
AMPD1,40,0,5,0,0,0,0,13,2,0,0,0,17,137,23,123,0,4,2,0,2,50
AMPD2,3254,1234,1379,2987,2985,1103,1536,2432,4057,2333,4568,8186,1920,2599,1302,2508,1985,1132,1580,1552,816,1278
AMPD3,457,209,237,115,559,173,88,364,515,220,1325,2256,275,140,441,1050,417,86,691,633,979,616
AMPH,94,13,5,20,1121,9,15,79,78,46,51,102,358,28,5,258,231,16,60,25,12,9
AMT,122.27,622.36,240.72,31.37,33.64,272.92,18.19,448.75,296.92,58.02,437.8,236.81,224.45,53.98,178.53,202.16,179.87,80.27,92.21,188.18,108.41,347.8
AMTN,0,0,0,0,0,0,0,1,0,0,4,0,0,0,0,0,0,0,0,0,5,0
AMY1A,0,1.02,0,0,0,0,0,1.06,0,1.04,0,0,0,0,7.38,0,0,0,0,0,0,1090.26
AMY1B,0,0,0,0,0,0,0,0,0,0,0,0,0,0,0,0,0,0,0,0,0,316.47
AMY1C,0,0,0,0,0,0,0,0,0,0,0,0,0,0,0,0,0,0,0,0,0,245.72
AMY2A,1.07,0,0,0,0,0,0,0,0,2.09,3.2,0,0,0,2.08,0,0,2.09,2.16,2.13,0,1.08
AMY2B,277.93,72.98,54,21,86,284,225,385.94,94,61.86,258.8,314,567,15,447.53,200,375,111.91,363.84,530.87,196,277.47
AMZ1,16,6,7,2,13,2,4,6,36,52,9,5,1,7,9,5,49,1,5,5,2,7
AMZ2,4799,2278,3907,3621.93,2594,2045,2073,3378,4015,989,2733,6394,2080,1032,2271.84,2509,2230,2168,2612,2329,1651,5203
AMZ2P1,639,432,720,505.07,273,387,381,422,253,93,423,593,517,118,438.16,398,307,339,519,682,66,664
ANAPC1,3526.03,1404.02,3066.45,3131.95,3520.73,1735.74,1156.46,2303.54,9597.24,3518.41,1628.59,6770.67,1318.22,766.18,867.48,1925.3,2203.8,1004.07,2973.64,3199.07,1348.31,2039.68
ANAPC10,733,320,186,885,393,317,249,694,412,300,595,775,402,157,342,410,566,194,623,498,319,341
ANAPC11,2460,2757,4149,2453,3473,2353,1874,3529,1967,1623,2918,4829,3160,3634,2184,3113,2454,4825,1737,1312,1708,1450
ANAPC13,2229.17,1023,3231.67,2463.43,2767.03,1559.71,1081.31,3835.74,1796.69,1332.63,2887.06,6069.88,1999.32,1349.99,2021.73,2442.33,2222.93,1606.2,2491.63,2061.94,1233.29,2372.37
ANAPC15,946.02,351.28,1112.29,1280.49,325.55,366.15,327.48,595.13,915.1,305.45,606.48,1801.4,898.77,230.85,441.54,942.95,909.96,1343.72,601.75,405.43,741.11,643.25
ANAPC16,4888,3614,2975,5427,3917,1824,1110,3316,2326,2565,2011,3501,3358,1240,2444,3133,3007,1816,4722,4648,2167,4160
ANAPC1P1,2.05,2.03,0,0,1.03,0,0,0,2.06,0,13.19,2.04,1.01,1.01,6.06,1.02,2.05,2.02,0,0,0,1.02
ANAPC2,1064,601,1739,1037,1858,1130,485,1470,1707,799,1781,2464,1043,1223,761,1797,953,911,1101,1138,895,1440
ANAPC4,1435,742,731,1215,927,1008,660,1576,691,1242,1164,1847,1256,189,942,923,1276,510,1219,1377,632,971
ANAPC5,4627,5185,3622,7414,5791,3055,3175,7963,7091,7051,4472,9920,7841,1806,3688,5093,5187,3313,6671,6296,3369,4502
ANAPC7,2077,1518,2354,1987,2340,1481,919,2172,3791,3213,1810,4401,1813,765,1329,1875,2675,1877,2139,1927,2085,2060
ANG,285.09,8219.95,389.31,602.51,373.66,246.27,79.7,268.17,276.05,142.38,456.27,122.96,131.72,280.8,815.21,281.14,252.94,182.43,180.08,97.91,139.12,358.11
ANGEL1,1236,1323,3029,1529,2769,478,311,2594,924,1219,1502,1285,955,848,651,1532,677,369,1496,1574,429,593.12
ANGEL2,1802,1296,1702,2125,1354,1364,471,1708,1934,1178,1308,2332,1194,415,1264,1264,658,771,890,938,545,1185
ANGPT1,174,28,512,345,113,69,454,808,13801,1920,4452,1552,442,9,482,712,271,27,378,398,62,343
ANGPT2,1461,69,950,227,177,549,463,413,2166,284,886,1832,193,39,96,2713,1737,167,320,138,227,219
ANGPT4,2,0,0,1,2,0,0,2,5,4,0,0,0,1,0,8,2,2,4,0,0,0
ANGPTL1,378,86,17,25,22,134,69,200,128,165,96,165,38,15,19,797,32,15,66,29,23,49
ANGPTL2,12061,299,1017,465,17626,2168,801,3192,6166,5430,3934,3976,321,1488,321,7275,3798,329,1660,1187,1612,1008
ANGPTL3,2,6382,0,0,0,3,0,12,0,3,2,1,5,0,1,2,1,0,0,1,91,4
ANGPTL4,1342,1004,123,35,1104,397,720,826,2627,5791,4996,4558,524,73,74,890,577,324,568,115,4752,134
ANGPTL5,31,0,3,0,0,1,1,98,3,0,1,62,3,3,0,24,1,4,4,0,1,13
ANGPTL6,42.59,216.44,8.75,195.62,13.03,32.21,3.75,28.74,25.87,14.17,74.39,21.15,35.08,46.51,29.27,22.29,34.42,44.52,33.35,22.74,19.49,36.13
ANGPTL7,617,134,197,213,2,2,29,139,866,12,51389,1,2,3,2,89,73,7,1,5,13,0
ANHX,0,0,0,0,0,0,0,0,0,0,0,0,0,0,0,0,0,0,0,0,0,0
ANK1,152,11,44,1,18,352,9,87,49,12,25,189,21,76,29,122,21,36,40,21,25,68
ANK2,16025,1251,731,13188,2169,1728,1581,3916,2873,802,3038,281,571,435,927,1734,485,277,4111,4622,79,2483
ANK3,133,131,63,20,752,12,40,326,3698,13,125,4542,98,38,51,95,22,12,63,23,1898,681
ANKAR,91,60,33,1,25,11,24,83,164,28,34,51,18,13,35,52,32,3,30,36,16,29
ANKDD1A,337,154,148,128,260,459,350,654,308,232,712,220,126,180,399,466,242,158,737,827,55,598
ANKDD1B,3,1,2,0,3,0,0,3,4,0,11,2,1,0,3,4,2,0,4,1,3,7
ANKEF1,46,83,113,24,180,151,68,28,29,15,52,290,295,7,29,133,28,27,43,22,328,232
ANKFN1,0,0,0,6,58,0,3,0,5,10,0,37,5,0,0,1,1,1,1,0,2,1
ANKFY1,4565,1720,3002,5697,6426,2729,1411,4618,4100,3489,5163,4140,2094,1132,2020,4117,3203,1999,3620,3510,1689,3351
ANKH,6206.56,1538.8,887,337,6896.92,825,1298,2336,21642.77,5644.93,10442.95,5600.13,540,684,987,3182,4047,997,1050.58,1003.48,1429,2644
ANKHD1,5751.28,2487.28,5607.63,4085.57,6494.73,2719.72,878.47,5623.69,4739.61,2731.05,4820.42,5617.12,3266.67,898.43,2197.21,4957.5,2807.2,2548.47,7038.64,7939.98,2129.41,4082.74
ANKHD1-EIF4EBP3,2818.81,1175.11,1609.34,2174.34,4002.27,434.71,339.04,960.9,3922.63,1110.29,1522.33,1156.37,393.49,162.26,368.52,1574.79,578.9,748.57,1511.61,1350.83,876.32,1093.85
ANKIB1,4639,1838,2803,2284,5902,2016,1554,5160,6462,6369,4409,4573,2855,632,1619,3468,3103,566,3373,4223,866,4617
ANKK1,1,1,3,0,0,0,12,13,9,0,0,3,4,0,5,6,3,0,2,3,89,1
ANKLE1,37,3,184,12,23,25,22,18,72,17,28,201,62,65,24,39,219,81,32,56,9,234
ANKLE2,3108,1379,2735,4353,3981,2069,1504,4004,3522,4318,2756,8009,2736,1015,1344,2798,2991,1598,3369,3305,3073,2486
ANKMY1,522,173,300,205,323,90,95,182,718,138,207,168,99,180,64,258,166,148,229,186,102,132
ANKMY2,1311,575,1782,1100,1395,1451,756,1564,1742,1783,1015,1311,1100,253,675,1033,814,422,1086,1285,292,1413
ANKRA2,780,587,469,434,610,518,200,1402,788,276,666,1194,1053,109,378,450,630,399,553,606,338,532
ANKRD1,7,11,4,8,8,2,2,6,24,1,3,912,318,182,0,13,6,2,9,5,1,22
ANKRD10,4224,1996,1526,4639,4889,3881,2838,4598,1528,2070,2200,1608,2232,257,2138,1945,2829,1086,2936,3396,940,2976
ANKRD11,8416,2561,6650,9989,9502,2489,1927,4349,9328,6807,5919,7206,1803,1834,1680.12,6109,3304,1349,10317,8104,2142,3617
ANKRD12,3943,1785,668,1270,2740,2398,631,3180,2552,2931,2515,3395,1362,267,2212,3566,2150,760,7209,6851,1393,3514
ANKRD13A,2840,1711,2958,3915,1897,1170,1371,3375,2228,2016,3311,3758,1212,637,3151,3079,1635,1053,4851,5092,1985,2008
ANKRD13B,689,188,917,480,63,312,187,210,1409,305,320,734,192,548,26,247,461,349,313,280,109,235
ANKRD13C,3243,738,649,1640,1181,1603,753,2292,1649,1901,2400,2703,1626,424,1115,1537,1185,566,2072,2444,800,1250
ANKRD13D,1591,367,793,1639,1636,805,481,1219,1290,1400,1388,1429,936,1102,730,1041,914,655,737,561,908,655
ANKRD16,322,243,276,229.3,256,293,78,275.67,333.44,223.78,164,352.86,239.83,314,166,261,267,265.97,257,243,209,272.88
ANKRD17,11025,3070,4769,11936,10054,2920,2105,4762,7633,6539,6416,6152,1849,1125,2440,6173,3363,1255,8559,9134,2444,4080
ANKRD18A,4,7,21.28,0,70.88,0,0,0,5.15,0,0,0,8,1,2,5,0,0,2,0,5,23
ANKRD18B,0,1,28.72,0,80.12,0,0,0,136.85,0,4,150,1,3,1,0,5,5,2,0,17,0
ANKRD18DP,1,0,1,0,3,1,3,4,0,2,8,80,3,0,0,3,12,0,1,5,2,3
ANKRD19P,21,3,3,7,24,32,18,7,275,12,20,16,22,0,8,3,22,34,19,11,36,7
ANKRD2,11,1,1,1,1,2,0,8,8,2,5,8,0,102,1,6,5,1,5,2,9,4
ANKRD20A1,0,0,0,0,0,70.25,0.01,0,76.24,0,13.24,4.72,0,0,0,0,5.73,0,131.14,72.57,4,23.56
ANKRD20A11P,2,0,1,1,0,0,0,0,6,0,0,0,1,0,0,3,0,0,4,15,0,2
ANKRD20A12P,26,6,60,14,415,22,31,125,104,4,124,44,105,5,13,128,101,3,100,180,2,69
ANKRD20A19P,0,0,0,0,5,0,0,68,1,0,2,0,1,6,0,2,0,0,0,1,5,2
ANKRD20A2,21.35,0,0,0,8.39,12.41,0.57,0,0.17,11.91,46.16,108.63,2.8,2.67,0,0,0.35,0,66.47,77.89,0,9.02
ANKRD20A3,24.52,11.51,7.94,16.89,31.41,72.73,38.62,107.58,123.53,21.49,29.86,36.64,15.92,0,18,79.77,15.92,8,22.42,35.84,0,0
ANKRD20A4,73.13,26.49,17.06,13.11,7.21,38.61,5.81,53.42,16.06,32.6,84.73,0,17.28,13.33,0,24.23,0,0,114.98,139.69,0,37.43
ANKRD20A5P,28,7,5,44,5,18,39,9,6,0,3,87,25,8,14,15,23,2,40,54,5,28
ANKRD20A8P,7,3,0,0,2,15,6,24,19,2,2,108,4,0,0,5,4,1,18,13,0,1
ANKRD20A9P,5,0,2,1,2,1,13,19,3,0,6,11,9,2,1,6,1,0,8,12,0,5
ANKRD22,86,351,64,2,93,76.96,26,319,21,23,779,629,231,36,1025,470,587,200,1008,498,3981.51,613
ANKRD23,68,61,80,27,151,100,48,257,131,143,68,110,192,685,50,74,369,26,81,114,59,155
ANKRD24,23,83,25,34,20,11,16,20,128,20,93,13,22,41,47,40,21,39,37,23,9,40
ANKRD26,522,496,182,393,697,675,118,464,493,987,359,1444,428,103,197,399,340,145,1788,2034,196,959
ANKRD26P1,1,0,0,0,0,1,0,4,0,0,93,7,3,0,0,2,5,0,1,0,1,2
ANKRD26P3,0,0,1,0,5,0,1,2,3,0,0,0,0,0,1,0,4,0,0,0,2,9
ANKRD27,3635,915,1561,3830,603,2935,567,1783,2336,2271,1018,3605,1230,637,1052,1250,1542,1275,2500,2769,760,2960
ANKRD28,20209,3325,5626,6687,5777,4198,7403,7272,2912,3398,2909,7123,5749,1244,5548,2454,5143,1561,13719,15483,1276,5894
ANKRD29,184,24,51,9,437,25,26,152,147,32,88,467,53,11,62,171,87,19,24,16,329,60
ANKRD30A,0,0,0,1,0,0,0,1,0,0,0,0,0,0,0,0,0,0,1,0,0,0
ANKRD30B,490,405,6,285,357,12,980,841,2,794,6,2,156,7,0,39,2186,2,5,5,6,41
ANKRD30BL,0,0,0,0,0,0,0,0,0,0,1,0,0,0,0,0,0,0,0,0,0,0
ANKRD30BP2,0,0,0,2,0,0,0,0,5,2,4,0,0,0,0,0,1,1,0,0,0,0
ANKRD30BP3,0,0,0,0,0,0,0,0,0,0,0,0,0,0,0,0,0,0,0,0,0,0
ANKRD31,25,8,18,0,15,8,7,86,94,7,10,3,36,0,4,0,6,3,2,1,123,22
ANKRD32,475,368,222,376,335,347,134,680,759,526,382,949,372,71,429,402,673,215,576,681,196,524
ANKRD33,0,0,0,0,0,0,0,2,3,0,1,0,1,0,0,0,4,0,0,0,0,0
ANKRD33B,207,43,43,12,141,15,174,50,142,37,73,634,33,26,121,327,525,151,118,72,77,100
ANKRD34A,172,83,91,28,45,25,61,126,367,660,185,294,102,104,61,56,229,75,48,32,23,42
ANKRD34B,4,12,1,1,1,84,5,1,34,1,2,1,35,3,473,2,20,67,0,0,10,10
ANKRD34C,6,0,0,1,0,0,0,4,0,0,0,3,22,0,0,11,0,0,0,0,1,0
ANKRD35,114,48,8,13,40,5,23,159,50,113,87,52,19,38,54,139,51,14,37,15,1141,57
ANKRD36,388.85,201.2,87.77,65.58,179.85,573.34,81.4,298.38,377.84,286.92,172.12,496.25,110.77,69.04,241.49,222.87,304.59,13.72,572.03,814.19,91.81,167.06
ANKRD36B,332.15,110.8,89.23,81.42,106.15,426.66,127.6,460.62,423.16,274.08,136.88,452.75,159.23,40.96,171.51,241.13,370.41,37.28,1064.97,1956.81,75.19,153.94
ANKRD36BP1,419,244,261,415,396,198,75,152,434,468,426,292,285,17,143,267,446,27,434,501,73,225
ANKRD36BP2,95,2,5,0,2,33,2,103,5,1,0,10,62,0,230,732,45,3,7,4,9,82
ANKRD37,150.71,232.61,75.3,122.15,610.35,7220.5,99.88,279.67,722.23,415.51,420.36,497.38,808.96,218.12,209.63,157.95,451.14,149.14,324.36,242.22,169.02,294.62
ANKRD39,487,474,394,585,538,513,210,950,692,660,411,506,526,805,350,446,1481,835,277,207,157,292
ANKRD40,4359,1970,4722,4083,3132,1468,1664,2348,3394,1743,3064,5869,1705,1196,1512,3296,2141,1239,5272,5035,785,2006
ANKRD42,321,94,130,300,355,67,65,449,258,137,374,532,127,25,71,201,141,61,128,151,73,169
ANKRD44,4890,980,1108,2520,1607,2136,612,2639,5949,1192,1237,1073,2395,246,2069,2035,2024,850,2965,4021,304,1523
ANKRD45,36,6,100,29,5,0,116,760,531,11,419,31,31,0,95,373,33,8,8,1,1,13
ANKRD46,930,685,953,907,1141,631,412,1383,719,645,1126,820,815,188,531,714,741,620,450,654,314,566
ANKRD49,703,311,133,374,444,388,232,893,569,268,416,817,542,60,432,556,897,902,638,764,271,596
ANKRD50,4383,743,2078,7063,2297,1177,1643,1912,2200,3648,6730,5596,824,307,1079,4854,2502,563,5864,7465,940,3156
ANKRD52,7167,2046,5246,6061,6003,1572,1992,4510,5357,3791,4964,6721,1645,7230,1461,4909,3664,1267,3385,3020,1364,2866
ANKRD53,11,3,76,7,14,22,16,45,61,4,105,42,7,26,49,44,40,124,6,3,0,2
ANKRD54,1335,469,1073,2612,525,1035,380,1812,4324,1562,1099,1451,1610,1751,987,797,1451,1041,659,585,552,1045
ANKRD55,15,34,13,2,7,2,1,5,1,0,14,7,19,0,5,10,14,4,6,7,8,11
ANKRD6,1377.8,1139.63,535.46,896.21,1645.41,493.66,431.45,460.08,2414.13,71.72,625.28,137.45,459.36,191.14,328.96,357.76,503.12,46.42,288.76,417.26,71.86,205.26
ANKRD61,24,3,15,2,16,9,5,12,22,15,13,24,22,3,4,6,10,2,21,35,4,20
ANKRD62P1-PARP4P3,0,0,0,0,2,0,0,5,0,0,0,0,0,3,0,0,1,0,0,0,0,0
ANKRD63,2,0,0,0,0,0,0,0,0,0,0,0,0,0,0,0,0,0,0,0,0,0
ANKRD65,168,13,11,15,24,20,17,116,332,52,46,69,32,50,15,158,75,41,56,25,384,271
ANKRD66,0,0,0,0,0,0,0,0,0,0,0,0,0,0,0,0,2,0,0,0,0,4
ANKRD7,5,0,6,0,62,12,34,51,32,3,25,18,53,17,0,9,0,3,1,0,2,27
ANKRD9,295,202,172,237,1881,176,56,149,80,202,102,295,385,503,158,121,443,174,479,425,274,656
ANKS1A,7370,1100,7248,11687,5300,31185,739,16016,4238,18600.01,11525,2371,6264,3634,1419,3974,1729,940,3199,3265,1594,3144
ANKS1B,924.08,242.18,223.34,58.43,388.9,26.88,17.02,23.36,119.43,783.54,21.04,257.88,214.46,61.15,44.37,248.32,190.28,102.99,5.18,7.24,24.48,33.27
ANKS3,532,237,402,575,379,328,373,715,497,346,446,518,338,145,241,437,543,416,342,345,295,433
ANKS4B,0,222,0,7,0,0,0,0,2,8,0,8,2,0,0,0,0,0,0,2,5,0
ANKS6,720,423,2308,773,2053,526,583,886,1549,93,953,1754,652,438,543,782,1192,806,140,83,242,895
ANKUB1,0,0,14,1,25,2,0,0,0,0,1,0,4,8,0,3,2,0,0,0,0,2
ANKZF1,2018,515,1148,1485,1112,1428,405,998,3044,817,1025,1425,1060,732,799,979,633,559,1035,1325,773,919
ANLN,2912,324,2263,2526,1221,6910,1341,3222,8652,5678,2723,15640,3861,713,508,2307,4099,946,3815,1681,1010,3858
ANO1,2003,1002,266,174,364,952,229,791,2692,1439,815,906,188,196,160,1371,1922,124,642,592,360,976
ANO10,1717,388,1725,4379,2195,1539,732,1295,1157,728,2427,3275,1340,523,796,1122,1636,1333,1605,1517,1182,1108
ANO2,30,2,7,125,83,3,2,31,73,17,7,36,274,5,5,60,58,21,7,1,11,7
ANO3,9,9,2,1,16,2,3,235,4007,8,160,25,0,0,0,56,0,3,11,2,0,11
ANO4,260,7,14,1220,56,181,4,3050,3609,4942,964,7,47,44,10,26,514,16,8,1,1,4
ANO5,1,101,46,1,1283,61,679,787,11,7,245,51,40,6,213,318,171,80,11,2,7,45
ANO6,10034,3094,4142,7199,4548,2941,1568,1813,4866,6113,5709,9915,1746,523,1914,5800,3036,1036,7673,7824,1552,4106
ANO7,48,11,38,63,103,90,26,12,225,20,51,65,15,73,6,18,58,87,44,37,10,49
ANO8,556,470,667,756,1009,706,114,170,376,1150,722,1025,133,480,144,439,316,80,633,519,325,963
ANO9,100,30,24,0,9,13,234,152,28,15,61,23,68,24,280,112,148,40,36,16,709,123
ANP32A,8366,3629,14176,16484,12728,6413,1886,7174,6678,6230,7480,8454,4145,4124,4457,8874,4435,6874,15131,11762,2152,7914
ANP32A-IT1,4,5,30,7,43,6,1,0,19,10,5,8,6,1,4,6,14,2,26,55,1,28
ANP32AP1,0,0,0,0,0,0,1,0,0,0,0,0,0,0,0,1,0,0,2,0,0,1
ANP32B,6428,5286,8190,8453,6346,4651,2487,6240,13763,6981,5503,11317,3963,1669,4013,7046,4866,5546,19740,15698,4343,7991
ANP32C,0,0,1,1,1,0,0,0,0,1,0,0,0,1,0,0,0,0,0,0,0,1
ANP32D,0,0,0,0,0,0,0,0,0,0,1,0,0,0,0,0,0,0,0,0,0,0
ANP32E,4136,3174,6331,5070,3035,4198,1909,4009,5850,6786,6058,6132,2477,2424,4242,6142,7417,6432,6192,4633,1539,3062
ANPEP,2482,4174,404,96,543,495,640,1054,4367,347,1782,1597,157,511,123,2947,1123,424,574,204,531,115
ANTXR1,7869,2218,4307,6289,7794,2820,1129,1684,10586,2237,7243,6653,2343,1837,1246,8601,4691,604,8491,8944,3482,5266
ANTXR2,1901,794,467,614,2019,297,735,2029,2043,1078,4489,25289,361,184,904,3256,1634,202,866,315,575,1148
ANXA1,65986,7848,2289,18347,7116,7650,1973,30915,29528,19966,44380,44771,1706,1021,7963,11953,5655,834,32819,26175,65074,25797
ANXA10,0,385,0,0,17,1,0,4,0,0,0,88,0,0,0,0,0,0,1,0,7,0
ANXA11,11276,3499,3801,13342,6220,4018,2521,5483,4039,5930,4214,5648,2452,5411,3603,5278,5121,3534,9900,9028,3416,4231
ANXA13,9,125,25,9,22,6,389,2,9,17,32,6,38,6,10,30,46,5,4,5,3,11
ANXA2,64975,12012,31738,88633,67164,73326,9951,60959,73107,26366,64715,136314,33507,10150,28838,39276,28377,16314,59644,42408,56800,34215
ANXA2P1,1,1,1,5,5,3,4,4,4,3,0,2,4,0,1,1,1,0,3,10,0,1
ANXA2P2,441,70,184,608,360,336,71,381,558,145,464,963,234,61,159.95,287,162,101,439,353,308,196
ANXA2P3,0,0,0,0,0,0,0,0,0,0,0,0,0,0,0,0,0,0,0,0,0,0
ANXA2R,146,103,22,56,41,56,34,229,54,65,88,149,99,50,212,188,303,117,60,24,89,59
ANXA3,73,32,140,5,2974,856,43,3041,44,561,21,366,1052,15,31,188,74,26,46,8,1723,311
ANXA4,6107,4299,2415,10960,6015,8395,1693,3781,3395,3432,4894,3111,2605,1070,2804,3542,4416,2655,5784,5414,3490,2966
ANXA5,80038,21892,31251,118215,61622,29511,19388,35393,28507,30453,40008,37929,20297,8056,39255,43115,56762,33600,93442,84900,3713,30852
ANXA6,13002,3786,8944,630,5636,16597,1642,5047,7824,2224,8694,12127,4143,4020,6478,14784,8398,9587,3071,1453,1455,4063
ANXA7,5224,2543,3159,5061,5396,2218,1297,4745,3495,5799,2546,8399,2354,1218,2442,4452,3428,1119,4573,3702,4491,3528
ANXA8,0,0,0,0,0,4,0,0,2,0,0,0,1,0,0,1,2,1.27,0,2,1003.63,5.81
ANXA8L1,5.15,0,0,0,3,0,0,199.24,0,0,3,0,0,1,4,0,0,0,3,0,3355.64,23.7
ANXA8L2,30.85,17,0,0,0,0,0,364.76,0,2,0,0,0,0,0,0,0,3.73,0,0,4186.73,68.49
ANXA9,84,365,338,133,33,20,18,10,234,154,101,51,16,188,64,62,40,14,61,70,2325,50
AOAH,505,542,534,60,690,65,55,555,45,324,1003,778,490,88,695,2868,665,329,1039,490,48,1388
AOAH-IT1,0,0,0,0,2,0,0,0,0,0,0,0,0,0,0,1,0,0,0,0,0,0
AOC2,34,10,11,24,60,5,27,18,72,19,29,44,13,12,18,28,10,9,47,69,14,26
AOC3,3861.84,218.98,274.99,339,554,266.98,419.98,1291.98,743.97,501.89,563,2304.99,188.96,409,162,6414.7,866.92,551.94,1233.94,285,322.99,952.92
AOC4,6.16,125.02,1.01,0,0,3.02,2.02,1.02,2.03,3.11,0,1.01,1.04,0,0,19.3,5.08,3.06,3.06,0,2.01,3.08
AOX1,2458,18763,46,7,141,106,55,892,217,184,231,7550,49,31,133,856,114,29,300,42,349,36
AOX2P,2,0,0,0,0,0,0,0,1,0,0,2,0,0,0,2,0,0,0,0,1,0
AP1AR,2048,1048,1150,1956,1656,1377,760,1728,967,1574,1001,2681,1859,164,1493,1106,2238,608,1981,2386,796,1916
AP1B1,7023,2412,5716,7760,9538,3736,1970,5545,8370,4723,5004,5937,2780,7698,2525,7436,3495,2539,7496,5638,4382,4891
AP1B1P1,0,0,0,0,0,0,0,0,1,0,0,0,0,0,0,0,0,0,0,0,0,0
AP1G1,7603,3108,4506,8012,7502,3105,1809,6136,5247,5142,5124,7041,2147,560,2469,5125,2469,1587,5317,5922,3039,2808
AP1G2,835,586,810,1581,2612,591,373,1026,810,203,822,234,467,922,939,805,645,151,1372,1446,2462,448
AP1M1,5426,1467,2603,5856,3354,3591,1403,3478,3409,2336,2646,7211,2328,2735,1387,2572,2457,3256,4053,2911,1132,2402
AP1M2,7,8,1,0,0,1,0,162,2,2,1,1,6,0,2,6,7,0,1,1,1194,169
AP1S1,5328,2254,7468,4772,8603,3210,2103,5566,7655,4526,4591,4206,9776,2968,1287,3136,3019,1329,3300,2618,1840,3670
AP1S2,10521,5209,6805,15855,15284,5840,4206,13619,6942,11875,5006,6952,9889,2200,7501,9797,4688,6962,16296,16957,306,6537
AP1S3,574,224,62,786,586,402,123,99,316,984,303,398,258,97,179,255,334,57,490,442,206,126
AP2A1,5622.45,1876.27,3393.99,8604.79,4858.05,3466.88,1842.43,5632.44,6113.15,3796.24,4840.7,9015.8,2228.16,7740.53,1429.49,5091.06,2125.63,3268.57,4371.97,3371.42,2304.4,3075.58
AP2A2,3887,1153,2178,5782,4948,2573,1013,2610,3753,2408,3425,5206,1351,1225,1278,3379,1764,1265,3307,2706,1206,2834
AP2B1,25540,7576,13757,17150,11202,8676,3233,9022,12516,5870,11315,31114,4369,3722,4679,8539,7126,5660,19274,18883,2544,7424
AP2M1,14554,5831,22375,15702,16713,10264,7718,13614,19996,11739,22101,45165,10423,11630,10000,19151,9081,8902,16073,12512,7909,14433
AP2S1,4005,1984,2822,5163,3133,5915,1504,6046,4226,3746,5055,8525,2455,7153,1711,4580,2902,4005,4314,2786,3847,1786
AP3B1,4563,1511,2751,4740,4649,2641,1357,5355,4013,2914,3451,4824,2466,541,1879,3131,2724,1993,4830,4049,2115,2825
AP3B2,26,24,136,122,241,147,24,26,106,24,35,10,130,307,3,60,317,27,4,1,26,17
AP3D1,13193,4233,10059,18783,15097,7113,4388,8613,14180,6750,8693,17838,7098,10202,3767,9255,4027,4979,11195,9143,4837,10011
AP3M1,4277,1863,3730,5357,4343,1827,974,2443,2895,3371,1971,6775,2391,687,1434,2637,2400,1093,4857,4746,1154,1999
AP3M2,3455,1673,3508,2950,1795,2850,3679,4586,733,1303,1648,2428,3030,374,1256,3393,2325,1610,4541,5024,396,2366
AP3S1,4440,1504,2002,3051,2240,2072,1191,5034,2766,1798,3081,4583,3190,1087,3070,3365,3857,2637,4694,4080,1923,1957
AP3S2,3183.01,1267.87,2888.12,2837.74,4949.86,1343.67,756.83,2963.95,2020.73,1431.3,2146.16,2336.01,1304.43,1039.82,829.48,2050,623.82,1505.93,2770.66,2218.27,922.78,1581.79
AP4B1,1395.24,362.77,468.6,674.21,668.13,604.86,304.96,933.15,983.46,844.43,987.29,1901.27,808.93,221.29,592.33,853.13,895.95,387.49,655.46,686.64,623.84,537.86
AP4B1-AS1,9.76,10.23,11.4,2.79,22.87,15.14,12.04,22.85,23.54,13.57,17.71,73.73,14.07,3.71,11.67,15.87,35.05,4.51,17.54,55.36,7.16,20.14
AP4E1,1346,408,649,1025,2479,639,280,1612,783,1795,845,1264,560,232,455,965,619,207,1121,1100,876,1388
AP4M1,763.72,245.61,1406.78,476.79,781.2,1040.78,369.29,1014.88,1240.61,866.9,970.34,1014.62,859.65,553.65,311.24,819.55,887.97,675.14,438.24,480.75,341.15,666.41
AP4S1,287,262,419,341,1148,162,50,404,218,435,421,298,356,81,317,487,311,96,390,439,186,283
AP5B1,2196,1771,4705,2145,3727,303,1456,1719,1619,525,1393,899,1000,2166,1746,2014,1800,1938,2949,2756,2210,1947
AP5M1,1481,645,1159,1476,5791,624,363,1736,1158,1575,1764,1271,1150,313,1121,1571,879,455,1900,1952,887,1709
AP5S1,757,233,934,1092,745,440,238,693,945,375,643,612,581,1480,277,946,222,546,459,370,264,470
AP5Z1,2179,1309,3272,1327,2517,5142,2646,4018,2368,2504,2551,1743,4209,3624,1631,2037,3478,1761,1326,1087,1332,3467
APAF1,1139.92,819.82,1095.66,1038.57,1387.1,608.12,412.98,1010.64,1811.57,2509.46,1068.96,3371.12,790.54,145.85,743.63,1599.68,1202.72,389.01,1116.82,1161.76,340.52,1108.73
APBA1,251,198,494,186,149,274,33,121,222,39,143,1080,153,117,164,280,183,155,149,133,42,202
APBA2,144,16,3484,25,156,2857,256,65,1429,84,1041,102,490,57,75,995,279,852,45,15,74,218
APBA3,836,382,372,824,613,648,282,810,857,617,723,1049,582,806,389,505,356,293,399,357,341,589
APBB1,1605,279,1938,2143,1596,2510,606,3887,2026,1947,1500,2732,908,1637,548,1368,627,516,196,117,170,1563
APBB1IP,1052,978,622,130,1056,185,180,607,561,181,1943,3152,349,281,1061,2529,1240,539,1715,852,118,819
APBB2,2423,694,1211,1972,1490,1155,718,2512,1185,573,1761,7114,607,213,474,2781,1969,491,1147,997,759,1011
APBB3,378,429,488,233,273,409,105,619,441,328,611,540,524,205,243,491,408,927,405,512,440,482
APC,4195,942,1945,2287,3096,1879,1202,3108,2620,1850,1635,2590,1027,100,1167,2394,2114,680,3708,4762,790,2855
APC2,536,15,31,101,14,21,5,2,994,50,44,37,5,126,5,21,33,78,169,91,8,65
APCDD1,455,58,818,63,176,69212,45,852,1301,373,460,913,78,4409,123,433,828,773,482,327,1424,192
APCDD1L,33,0,4,0,13,36,8,18,282,246,259,13028,4,3,2,96,27,7,3,10,6,3
APCDD1L-AS1,6,0,2,7,1,6,2,16,6,58,78,3544,4,1,1,5,1,7,5,4,3,1
APCS,0,17800,0,1,1,2,0,27,0,3,0,0,0,0,1,5,0,0,0,1,263,0
APEH,6168,2758,7101,9253,8423,3473,1834,7390,5604,3084,4462,3773,7762,9706,2375,3274,3765,2450,4351,3472,3574,5980
APEX1,5716,5771,13796,7226,17210,3859,1403,8828,5760,7682,7373,9669,6135,1966,4115,8766,3161,4860,8124,7335,3616,6868
APEX2,1828,612,1383,2129,2438,1046,497,1423,1143,1398,975,3651,560,1357,680,1080,1184,1222,1159,810,1311,1074
APH1A,10602,7476,13772,10878,8298,7301,3602,5866,7503,5816,8494,7379,8633,13621,6982,8446,8748,11038,10077,9415,4723,7899
APH1B,2331,855,1915,1266,4316,635,477,2853,614,1603,1212,1362,843,455,859,1625,565,813,357,469,145,1219
API5,6152,2204,5850,7323,6611,6854,1969,4586,5566,3105,4548,11879,3194,701,2747,5363,3074,2111,9117,9016,3294,3821
APIP,1001.62,460.62,327.01,1257.89,1696.21,1555.93,297.17,966.71,1150.89,413,1018.98,2662.43,715.58,274.62,737.96,1179.52,693.37,336,857.1,777.06,402.16,692.2
APITD1,620.93,216.2,457.14,439.72,449.01,446.15,271.87,921.45,609.36,632.52,768.5,1093.13,251.61,94.23,122.21,639.23,660.45,300.7,413.39,226.55,236.75,410.41
APITD1-CORT,55.42,25.8,31.93,42.28,71.99,54.92,16.69,87.18,19.1,88.56,71.79,73.18,7.39,17.77,10.12,32.92,31.26,62.01,49.81,23.09,27.26,16.84
APLF,219,93,113,174,297,218,60,234,206,28,223,410,103,27,117,209,226,60,244,197,106,175
APLN,360,14,876,161,140,149,468,69,1590,23,384,801,123,82,69,812,2083,150,217,78,55,58
APLNR,5401,743,194,879,1938,325,877,2246,870,984,2647,2163,617,749,137,7938,3866,197,891,400,1724,154
APLP1,107,13,35,14,231,70,3,9,8427,4593,1020,52,459,730,14,93,1929,42,29,5,15,382
APLP2,17310,20833,8040,28982,50170,14020,7762,15912,71977,8301,47456,154357,5863,2930,11031,27416,15737,9858,27292,23381,13521,17245
APMAP,9706,7049,10282,15709,9829,8346,2397,11609,20187,14388,9622,13252,11765,4119,4389,7764,3587,3209,5912,5037,1863,8639
APOA1,3,95310,17,1,0,3,2,162,9,7,3,23,2,8,9,24,2,2,0,1,1240,9
APOA1BP,3130,3134,7342,4254,4296,4327,1216,4044,2638,1029,2718,3080,7398,13755,2778,2589,7255,10154,2231,1500,1759,1864
APOA2,9,62720,0,0,0,0,0,92,5,217,0,0,0,0,3,23,0,0,0,0,904,2
APOA4,0,114,0,0,1,0,0,0,1,0,0,1,0,0,0,0,0,0,0,0,3,0
APOA5,0,3685,0,0,0,0,0,5,0,1,0,8,0,1,0,3,0,0,0,0,41,1
APOB,6,63697,0,1,18,3,1,99,2,5,0,81,0,0,5,31,0,7,17,0,902,6
APOBEC1,0,0,0,0,0,0,0,0,0,0,0,0,0,0,0,0,0,0,0,0,0,0
APOBEC2,10,2,2,1,10,5,2,6,1,2,3,3,32,130,6,8,0,3,36,39,4,8
APOBEC3A,68.12,22.77,66.14,6.37,28.2,3.8,51.49,32.1,36.71,5.15,44.25,176.69,22.7,2.98,36.42,51.69,832.22,20.48,15.28,8.26,274.18,11.38
APOBEC3A_B,0,0,0,0,0,5.23,0,0,0,0,0,0,0,1.24,0,0,21.93,0,0,0,0,2.52
APOBEC3B,731.31,91.14,150.05,1573.2,311.14,540.02,256.21,860.15,2774.82,784.98,342.23,191.01,376.19,161.62,155.48,659.04,776.47,159.54,562.88,204.92,101.38,914.61
APOBEC3C,1521,966,1322,2098,1882,1093,380,1366,4097,1298,2694,382,632,792,1093,2970,1187,297,2291,1768,376,813
APOBEC3D,195.1,96.3,88.14,17.48,17.92,31.52,93.83,143.12,693.09,74.9,277.68,81.09,104.27,200.73,276.95,384.36,167.96,77.5,197.92,125.64,33.15,139.43
APOBEC3F,467.15,152.8,256.62,124.37,96.43,252.59,143.08,365.37,1588.42,500.6,508.82,90.19,135.12,285.25,371.15,610.82,218.93,226.57,276.04,191.24,34.29,220.02
APOBEC3G,800.32,412,399.06,33.57,182.31,411.84,358.39,1439.27,5948.96,2471.37,2163.03,451.02,330.71,276.18,1772,1959.09,1135.49,560.92,1346.88,666.95,80,734.04
APOBEC3H,22,12,27,32,46,3,2,20,47,4,58,37,18,17,50,88,55,21,37,15,3,72
APOBEC4,1,0,0,0,0,0,0,0,1,2,0,0,0,0,1,0,0,0,1,1,0,4
APOBR,589,313,637,482,1002,341,215,368,819,481,1374,481,202,413,404,1932,1319,147,1164,714,302,374
APOC1,1127,53044,7157,563,15280,2873,2144,5831,2241,1779,9597,2001,3093,2309,3036,24086,19558,4729,1420,778,861,6527
APOC1P1,2,2458,5,0,7,10,0,15,3,3,20,3,3,1,2,44,8,11,2,2,27,2
APOC2,92.51,16525.4,76.77,87.43,34127.31,4106.39,25,448,74.37,429.36,1488.19,237.55,263.07,169.65,228.92,1436.01,2504.91,168,131.32,83,322.67,7532.51
APOC3,0,44425,0,0,0,0,0,79,0,2,0,0,0,0,2,18,0,0,0,0,535,2
APOC4,0,1539.21,0,0.17,0,10.2,7,5,1.29,8.33,5.63,0,4.32,0,2.5,0,25.67,1,8.29,7,22.25,0
APOC4-APOC2,5.49,98.39,1.23,2.41,110.69,17.41,0,0,2.34,2.31,7.18,1.45,2.61,4.35,5.59,12.99,10.42,0,2.4,0,7.08,46.49
APOD,134614,61481,1474,116565,100947,14659,8255,119685,134242,243136,365670,2658,752,99578,101320.19,7595,4324,8551,20011,18797,923,1336
APOE,10704,41582,86542,15298,340120,78490,18696,40702,6334,55824.48,58223,18534,40724,70811,40981,171683,109237,161137,26573,27898,3169,78653
APOF,0,5530,0,0,0,0,0,2,0,0,0,1,0,0,1,0,1,0,0,0,69,0
APOH,0,81540,0,0,0,3,0,123,5,5,0,0,0,0,2,34,0,0,0,0,1110,12
APOL1,6005,5874,2213,3747,688,669,2715,7788,211,1981,9546,5216,2556,1431,9617,8048,3385,3818,8701,3305,3036,1754
APOL2,3146,1729,1366,1717,1587,1240,1616,4726,3890,1384,4007,2801,1792,1011,3668,3199,2214,1287,3446,1988,1037,1592
APOL3,2271,3290,996,280,241,304,1077,3838,172,341,3479,3277,1035,312,4517,4548,1518,1373,5855,3065,709,1989
APOL4,1331,493,435,74,416,122,188,516,135,170,829,293,165,247,552,1011,794,1594,3311,1524,211,538
APOL5,2,0,0,0,0,0,0,0,1,0,0,0,0,2,0,8,0,0,0,0,0,1
APOL6,3939,5739,2174,3072,1866,1173,1486,5144,857,2351,5211,5887,3262,503,7912,6823,4578,2878,16912,9878,982,6834
APOLD1,1115,639,261,393,2116,1110,227,500,748,523,1155,1213,715,68,226,2019,8798,439,1816,1095,264,995
APOM,80.51,2612.3,194.6,30.33,129,22,13.13,62.65,27.29,21.13,43.45,30.18,82.15,98,40,92.3,28,22.03,78.67,48.4,93.32,25.12
APOO,628,457,980,941,1311,718,361,1496,1083,895,529,2266,719,466,526,711,1123,1250,449,298,221,583
APOOL,1624,1131,1022,1268,1897,835,439,1267,1022,491,1044,217,449,227,638,1015,699,396,1877,2024,575,933
APOPT1,1471,1044,1261,1408,2215,585,328,1454,913,888,1309,1656,964,437,667,1133,927,699,859,886,677,1155
APP,66768,15504,73711,66360,151052,34919,21035,9296,260579,73602,146463,53935,11663,11663,29232,65203,29530,22533,46480,47207,17586,36552
APPBP2,4424,2707,2427,1740,3200,1186,1374,2404,1992,2055,2884,3518,1343,514,1209,2663,1851,801,2754,3203,909,2411
APPL1,2632,1140,2130,3420,2970,3108,1473,3001,3261,1811,2832,8653,2417,745,2156,2540,2565,1197,5364,5890,1917,3692
APPL2,4112,1788,2566,1741,1483,859,768,2376,2781,2002,2129,2959,1107,466,1530,3625,1446,769,2261,2488,2805,1260
APRT,5789,2915,2152,7543,2602,2324,1639,5245,4529,2217,1948,5098,2217,3179,1399,2427,1133,3203,3358,2935,3478,1584
APTX,920,694,1143,1181,2060,1334,693,1285,965,680,802,2600,1299,356,581,851,1245,696,1260,1081,1200,1220
AQP1,21049,692,789,2142,3476,4964,1582,9077,15564,7339,206161,4050,1233,1227,1741,14301,3721,3460,2844,1098,3245,2884
AQP10,1,1,1,0,6,0,0,4,0,0,0,1,1,0,4,1,2,0,1,0,10,1
AQP11,124,187,71,247,96,41,26,53,67,65,116,118,119,56,46,60,97,23,27,23,10,24
AQP12A,0,0,3,0,0,0,0,0,0,0,0,0,0,0,0,0,0,0,0,0,0,0
AQP12B,0,0,0,0,0,0,0,0,8,0,0,0,0,0,0,0,2,2,0,0,0,0
AQP2,5,0,0,0,4,0,7,8,0,0,0,0,0,0,0,0,1,1,0,0,0,0
AQP3,516,1220,77,11,65,47,71,654,1775,65,2197,70,70,106,233,542,81,54,165,86,38711,477
AQP4,1,12,56,0,0,0,29,34,0,1,50,2,1,0,30,28,1,44,1,0,1,3664
AQP4-AS1,0,2,10,0,1,0,5,0,0,0,1,0,0,0,1,7,0,0,0,0,0,3
AQP5,5,0,43,0,4,0,0,2659,26,2,0,0,6,0,1,4,11,0,0,1,243,23
AQP6,27,8,1,0,33,1,16,6,4,15,0,3,23,2,1,1,26,1,3,1,1,3
AQP7,27,101,2,3,2,1,25,134,2,1,3,149,7,4,8,222,2,45,83,1,2,16
AQP7P1,7,16,3,0,3,20,932.66,79.43,41,29,249.31,292,5,9,8,156,10,31,124,83,4,0
AQP7P3,2,16,0,0,0,17,77.34,5.57,12,5,70.69,38,0,0,1,15,4,3,18,11,0,0
AQP8,2,2,0,0,1,1,3,8,2,20,0,1,2,0,0,3,1,0,0,0,0,0
AQP9,95,5330,419,46,450,247,274,26,797,203,666,1105,63,10,55,407,921,6,77,20,317,39
AQPEP,112,1,0,0,4,0,20,317,9,8,20,86,2,0,12,47,3,8,102,62,3,5
AQR,3497,898,3230,3894,5298,1832,580,2176,2107,2827,1726,2606,860,221,959,2152,1025,670,3011,3290,1519,1072
AR,1010,1571,14,576,88,17,16,122,51,63,89,175,33,47,18,383,224,21,180,44,114,154
ARAF,3186,1633,2221,3158,4590,1381,835,2908,2298,2075,2838,5484,1059,3668,1299,2713,1205,1002,1991,1806,1311,1668
ARAP1,5889,2231,5423,5562,6634,2095,2073,5256,4915,2945,6707,7058,2106,3501,3486,9356,5566,4139,4957,4267,2478,4852
ARAP2,1604,273,298,385,716,40,254,1465,246,1388,1017,367,277,85,1315,879,716,140,1253,1113,2432,737
ARAP3,3960,146,1409,2001,6800,357,134,3518,3559,3283,2748,2425,425,1261,126,2145,1874,794,681,744,253,237
ARC,28,46,187,1,59,3,356,16,7728,2799,284,29,6,7,2,83,103,28,7,0,178,167
ARCN1,8092,3562,3445,8184,12850,3512,3412,8199,17676,8385,10533,28264,2830,1618,4281,10439,5065,3283,10113,9431,3478,6602
AREG,6,13,4,0,541,0,8,26,1017,143,268,799,6,2,3,26,12,0,5,9,1005,276
ARF1,30724,15221,31663,34968,24638,11315,8123,17146,34236,16573,25528,26370,11551,15570,14847,23943,9864,20840,26567,21466,9887,10996
ARF3,14264,6959,17998,14517,15843,4501,5383,12983,10117,13213,16252,15498,4770,9573,6847,14855,8872,7350,12696,10396,6798,7702
ARF4,16501,3976,10423,15792,23409,11450,5855,11407,19788,14442,15918,24341,16316,5439,12402,13639,15707,5734,10948,9634,5253,11267
ARF5,5784,3038,4872,4377,5450,5119,3251,9620,4429,8923,5226,5983,6608,4988,4013,4315,6242,6224,4433,3657,6237,4289
ARF6,8142,3688,3547,10106,16334,3982,1739,4419,3844,6897,6337,9709,4352,1956,4697,6309,9814,2497,8154,7020,6833,4900
ARFGAP1,5121,1204,5166,4464,9683,4694,2569,4038,7679,4732,3744,9186,8691,5279,5422,4384,4126,4000,2703,2586,2201,4799
ARFGAP2,3873,1930,4194,4454,4484,4140,1431,4418,3851,1967,4279,5074,1816,2130,1803,4320,1496,1616,3600,3044,3401,1949
ARFGAP3,5046,1723,1482,4658,4904,3662,1073,3091,10893,3832,4236,5105,3055,978,2547,3607,3619,619,1844,1539,861,3847
ARFGEF1,3746,1915,2720,2614,3660,1127,1931,3551,3282,4304,3850,3763,1342,238,2514,3220,2758,1240,2813,2998,1715,3293
ARFGEF2,5152,2238,5574,5678,6239,3278,2296,6590,7631,5125,2796,8947,5126,1086,2971,4136,2771,1444,4351,5486,1649,4671
ARFIP1,2560,1604,1329,3175,2133,1273,977,3865,1973,1635,4111,2841,1558,531,1265,2234,1681,662,3223,2792,1202,1697
ARFIP2,1316,699,1380,1316,1731,2554,832,1671,2662,910,1621,3124,1268,766,1109,1498,774,965,2121,1834,1773,1779
ARFRP1,1938,794,2860,1753,1038,1928,645,1804,2414,1679,2138,4029,1981,2062,827,2647,959,1741,907,722,1744,1624
ARG1,0,5529,2,0,18,3,0,2,18,2,1,1,1,0,2,5,25,2,7,6,8789,3
ARG2,1582.86,175.97,281.08,287.34,629.07,183.79,181.85,637.21,441.54,694.35,1049.55,2264.81,304.35,241.28,159.79,741.19,178.3,114.61,441.15,476.51,443.76,257.2
ARGFX,0,0,0,0,0,0,0,0,0,0,0,0,1,0,0,0,0,0,0,0,0,0
ARGFXP2,2,1,5,0,3,0,1,0,12,0,1,6,2,0,1,7,1,0,3,9,0,4
ARGLU1,2690,1388,2909,2796,5087,2367,1790,3643,2317,1888,3129,3797,2328,341,2220,3393,1772,659,3035,4849,2044,3827
ARHGAP1,6599,1403,3511,3969,3931,4869,2020,4425,4709,2981,5955,5675,1446,5187,1239,8686,2086,2386,5378,4220,3177,1541
ARHGAP10,1488,209,108,1686,714,448,423,508,766,625,880,1845,344,174,265,804,874,125,969,667,690,424
ARHGAP11A,1568.85,346.05,1698,2232.31,2058.36,1449.76,355.44,1772.45,2007.98,3394.18,1009.96,4619.99,996.24,481.64,492.33,2237.05,1485.03,399,3012.01,1544.7,713.28,780.92
ARHGAP11B,53.15,26.95,61,66.69,56.64,38.24,6.56,29.55,63.02,99.82,56.04,106.01,25.76,13.36,12.67,66.95,38.97,5,97.99,63.3,19.72,34.08
ARHGAP12,3794,2302,1374,2814,3963,2994,681,4203,2803,4238,2578,4414,1595,494,1820,1653,1671,515,3730,4231,512,2016
ARHGAP15,515,207,167,4920,160,71,146,406,184,135,458,218,292,49,630,774,569,2867,452,245,159,582
ARHGAP17,4110,1203,2430,4491,3275,943,881,1571,3567,1369,2451,5099,606,918,1067,3409,1216,1240,2742,2419,877,1097
ARHGAP18,4181,1576,891,1404,2087,1498,999,2590,1455,2217,4700,13775,926,215,1629,2698,2199,256,4622,3661,303,1425
ARHGAP19,1306.68,1094.15,1562,1580,1604.41,293.59,165,2024,3395,1454,688,2921.25,894.57,187,529,1052.69,685.15,249,1410,915.69,520,700.61
ARHGAP19-SLIT1,3.32,2.85,0,0,2.59,1.41,0,0,0,0,0,2.75,1.43,0,0,2.31,1.85,0,0,2.31,0,2.39
ARHGAP20,251,67,172,138,138,44,84,329,142,542,1785,126,76,15,188,818,116,20,234,170,17,75
ARHGAP21,10247,1694,3055,6812,9205,4187,948,2457,7784,8744,3388,14822,1659,625,2137,3762,2851,779,11346,11730,1157,4922
ARHGAP22,271,48,128,37,296,85,117,116,845,236,547,2530,72,176,121,340,496,56,137,100,112,226
ARHGAP23,2328,492,3568,242,742,372,414,1788,2621,1862,2190,11143,264,2258,242,3628,1135,1681,522,210,3506,714
ARHGAP24,656,972,175,576,979,1654,486,1086,718,482,1445,2903,244,123,200,1148,881,82,691,172,213,440
ARHGAP25,986,478,646,146,504,124,164,612,1051,2961,1140,774,430,159,1358,1804,1001,415,827,447,560,880
ARHGAP26,1161,522,616,1269,2817,716,260,584,1060,614,1167,1470,1273,156,508,1136,1363,430,1542,1267,246,1029
ARHGAP26-AS1,0,0,0,0,0,0,0,0,0,2,0,0,2,0,0,1,2,0,0,0,0,1
ARHGAP27,891,345,474,234,694,133,170,762,796,223,815,953,377,239,806,1320,781,243,857,779,1421,815
ARHGAP28,842,53,2993,96,297,424,84,861,249,203,347,412,133,50,182,1174,323,340,119,45,84,189
ARHGAP29,1723,870,241,948,1885,2792,402,1836,1087,438,2401,27385,2341,498,329,2182,2351,209,2264,1381,1707,601
ARHGAP30,2342,964,1645,210,2075,313,423,1586,792,656,4039,3702,943,450,3465,5735,2079,579,3068,1508,739,2340
ARHGAP31,7115,927,1863,2732,1838,770,928,3208,6464,2804,2794,2412,1740,435,975,4616,1821,428,3732,4915,390,1799
ARHGAP32,1253,1228,1134,1243,1730,1249,312,1316,4195,1560,2086,2942,223,422,568,1940,636,368,2762,3319,2476,630
ARHGAP33,238,116,164,139,52,369,75,287,432,280,346,381,153,293,164,287,592,261,272,417,96,460
ARHGAP35,6020,2825,5691,7236,6801,3466,1480,3741,8188,4526,6721,8443,1702,1333,2212,4598,2156,2153,9011,8393,1666,2880
